entity,cost_centre,account_code,period_month,budget_amount,currency
MI-CA,OPS-CA,6110,2024-01,166771.93,USD
MI-CA,OPS-CA,6110,2024-02,173708.95,USD
MI-CA,OPS-CA,6110,2024-03,180194.11,USD
MI-CA,OPS-CA,6110,2024-04,187239.96,USD
MI-CA,OPS-CA,6110,2024-05,183055.37,USD
MI-CA,OPS-CA,6110,2024-06,173801.69,USD
MI-CA,OPS-CA,6110,2024-07,166422.34,USD
MI-CA,OPS-CA,6110,2024-08,158454.66,USD
MI-CA,OPS-CA,6110,2024-09,150354.26,USD
MI-CA,OPS-CA,6110,2024-10,149267.54,USD
MI-CA,OPS-CA,6110,2024-11,149363.18,USD
MI-CA,OPS-CA,6110,2024-12,159178.44,USD
MI-CA,OPS-CA,6120,2024-01,36915.19,USD
MI-CA,OPS-CA,6120,2024-02,39741.72,USD
MI-CA,OPS-CA,6120,2024-03,40666.19,USD
MI-CA,OPS-CA,6120,2024-04,40895.45,USD
MI-CA,OPS-CA,6120,2024-05,41030.9,USD
MI-CA,OPS-CA,6120,2024-06,39254.07,USD
MI-CA,OPS-CA,6120,2024-07,36608.93,USD
MI-CA,OPS-CA,6120,2024-08,36479.52,USD
MI-CA,OPS-CA,6120,2024-09,33987.41,USD
MI-CA,OPS-CA,6120,2024-10,34033.05,USD
MI-CA,OPS-CA,6120,2024-11,33814.22,USD
MI-CA,OPS-CA,6120,2024-12,35253.54,USD
MI-CA,OPS-CA,6130,2024-01,20651.26,USD
MI-CA,OPS-CA,6130,2024-02,21697.63,USD
MI-CA,OPS-CA,6130,2024-03,23041.46,USD
MI-CA,OPS-CA,6130,2024-04,22548.4,USD
MI-CA,OPS-CA,6130,2024-05,23076.44,USD
MI-CA,OPS-CA,6130,2024-06,21594.79,USD
MI-CA,OPS-CA,6130,2024-07,20653.51,USD
MI-CA,OPS-CA,6130,2024-08,19683.85,USD
MI-CA,OPS-CA,6130,2024-09,18764.56,USD
MI-CA,OPS-CA,6130,2024-10,18685.6,USD
MI-CA,OPS-CA,6130,2024-11,18852.28,USD
MI-CA,OPS-CA,6130,2024-12,19583.91,USD
MI-CA,OPS-CA,6210,2024-01,4548.81,USD
MI-CA,OPS-CA,6210,2024-02,4717.68,USD
MI-CA,OPS-CA,6210,2024-03,4922.28,USD
MI-CA,OPS-CA,6210,2024-04,4973.67,USD
MI-CA,OPS-CA,6210,2024-05,4990.26,USD
MI-CA,OPS-CA,6210,2024-06,4734.82,USD
MI-CA,OPS-CA,6210,2024-07,4583.35,USD
MI-CA,OPS-CA,6210,2024-08,4287.72,USD
MI-CA,OPS-CA,6210,2024-09,4064.56,USD
MI-CA,OPS-CA,6210,2024-10,4108.25,USD
MI-CA,OPS-CA,6210,2024-11,4189.77,USD
MI-CA,OPS-CA,6210,2024-12,4300.96,USD
MI-CA,OPS-CA,6220,2024-01,1722.1,USD
MI-CA,OPS-CA,6220,2024-02,1834.94,USD
MI-CA,OPS-CA,6220,2024-03,1884.12,USD
MI-CA,OPS-CA,6220,2024-04,1918.67,USD
MI-CA,OPS-CA,6220,2024-05,1886.94,USD
MI-CA,OPS-CA,6220,2024-06,1862.59,USD
MI-CA,OPS-CA,6220,2024-07,1748.33,USD
MI-CA,OPS-CA,6220,2024-08,1691.82,USD
MI-CA,OPS-CA,6220,2024-09,1618.84,USD
MI-CA,OPS-CA,6220,2024-10,1570.98,USD
MI-CA,OPS-CA,6220,2024-11,1591.95,USD
MI-CA,OPS-CA,6220,2024-12,1656.92,USD
MI-CA,OPS-CA,6230,2024-01,3437.95,USD
MI-CA,OPS-CA,6230,2024-02,3542.47,USD
MI-CA,OPS-CA,6230,2024-03,3722.78,USD
MI-CA,OPS-CA,6230,2024-04,3766.59,USD
MI-CA,OPS-CA,6230,2024-05,3728.83,USD
MI-CA,OPS-CA,6230,2024-06,3632.8,USD
MI-CA,OPS-CA,6230,2024-07,3440.11,USD
MI-CA,OPS-CA,6230,2024-08,3275.6,USD
MI-CA,OPS-CA,6230,2024-09,3110.21,USD
MI-CA,OPS-CA,6230,2024-10,3046.41,USD
MI-CA,OPS-CA,6230,2024-11,3031.1,USD
MI-CA,OPS-CA,6230,2024-12,3192.17,USD
MI-CA,OPS-CA,6240,2024-01,804.34,USD
MI-CA,OPS-CA,6240,2024-02,848.87,USD
MI-CA,OPS-CA,6240,2024-03,868.76,USD
MI-CA,OPS-CA,6240,2024-04,889.15,USD
MI-CA,OPS-CA,6240,2024-05,883.02,USD
MI-CA,OPS-CA,6240,2024-06,855.31,USD
MI-CA,OPS-CA,6240,2024-07,807.16,USD
MI-CA,OPS-CA,6240,2024-08,758.2,USD
MI-CA,OPS-CA,6240,2024-09,745.97,USD
MI-CA,OPS-CA,6240,2024-10,704.33,USD
MI-CA,OPS-CA,6240,2024-11,733.72,USD
MI-CA,OPS-CA,6240,2024-12,773.63,USD
MI-CA,OPS-CA,6310,2024-01,46591.95,USD
MI-CA,OPS-CA,6310,2024-02,49177.93,USD
MI-CA,OPS-CA,6310,2024-03,48992.17,USD
MI-CA,OPS-CA,6310,2024-04,50621.0,USD
MI-CA,OPS-CA,6310,2024-05,50168.83,USD
MI-CA,OPS-CA,6310,2024-06,48627.17,USD
MI-CA,OPS-CA,6310,2024-07,45370.19,USD
MI-CA,OPS-CA,6310,2024-08,43694.94,USD
MI-CA,OPS-CA,6310,2024-09,41948.06,USD
MI-CA,OPS-CA,6310,2024-10,41355.01,USD
MI-CA,OPS-CA,6310,2024-11,41816.73,USD
MI-CA,OPS-CA,6310,2024-12,44540.75,USD
MI-CA,OPS-CA,6320,2024-01,10545.01,USD
MI-CA,OPS-CA,6320,2024-02,11174.77,USD
MI-CA,OPS-CA,6320,2024-03,11276.78,USD
MI-CA,OPS-CA,6320,2024-04,11672.55,USD
MI-CA,OPS-CA,6320,2024-05,11561.59,USD
MI-CA,OPS-CA,6320,2024-06,11269.84,USD
MI-CA,OPS-CA,6320,2024-07,10573.94,USD
MI-CA,OPS-CA,6320,2024-08,10124.6,USD
MI-CA,OPS-CA,6320,2024-09,9739.35,USD
MI-CA,OPS-CA,6320,2024-10,9642.98,USD
MI-CA,OPS-CA,6320,2024-11,9534.81,USD
MI-CA,OPS-CA,6320,2024-12,9829.22,USD
MI-CA,OPS-CA,6330,2024-01,14330.51,USD
MI-CA,OPS-CA,6330,2024-02,15105.17,USD
MI-CA,OPS-CA,6330,2024-03,15666.49,USD
MI-CA,OPS-CA,6330,2024-04,15506.37,USD
MI-CA,OPS-CA,6330,2024-05,15261.3,USD
MI-CA,OPS-CA,6330,2024-06,15018.78,USD
MI-CA,OPS-CA,6330,2024-07,14344.05,USD
MI-CA,OPS-CA,6330,2024-08,13739.58,USD
MI-CA,OPS-CA,6330,2024-09,12958.45,USD
MI-CA,OPS-CA,6330,2024-10,12937.7,USD
MI-CA,OPS-CA,6330,2024-11,13217.47,USD
MI-CA,OPS-CA,6330,2024-12,13646.38,USD
MI-CA,OPS-CA,6430,2024-01,6891.58,USD
MI-CA,OPS-CA,6430,2024-02,7114.4,USD
MI-CA,OPS-CA,6430,2024-03,7482.6,USD
MI-CA,OPS-CA,6430,2024-04,7486.95,USD
MI-CA,OPS-CA,6430,2024-05,7322.63,USD
MI-CA,OPS-CA,6430,2024-06,7066.5,USD
MI-CA,OPS-CA,6430,2024-07,6936.79,USD
MI-CA,OPS-CA,6430,2024-08,6469.37,USD
MI-CA,OPS-CA,6430,2024-09,6234.83,USD
MI-CA,OPS-CA,6430,2024-10,6220.2,USD
MI-CA,OPS-CA,6430,2024-11,6257.75,USD
MI-CA,OPS-CA,6430,2024-12,6387.19,USD
MI-CA,OPS-CA,6510,2024-01,4740.15,USD
MI-CA,OPS-CA,6510,2024-02,4918.53,USD
MI-CA,OPS-CA,6510,2024-03,5065.38,USD
MI-CA,OPS-CA,6510,2024-04,5192.6,USD
MI-CA,OPS-CA,6510,2024-05,5070.63,USD
MI-CA,OPS-CA,6510,2024-06,4860.88,USD
MI-CA,OPS-CA,6510,2024-07,4665.18,USD
MI-CA,OPS-CA,6510,2024-08,4387.74,USD
MI-CA,OPS-CA,6510,2024-09,4347.55,USD
MI-CA,OPS-CA,6510,2024-10,4125.16,USD
MI-CA,OPS-CA,6510,2024-11,4204.74,USD
MI-CA,OPS-CA,6510,2024-12,4459.94,USD
MI-CA,OPS-CA,6520,2024-01,5624.94,USD
MI-CA,OPS-CA,6520,2024-02,6004.32,USD
MI-CA,OPS-CA,6520,2024-03,6131.7,USD
MI-CA,OPS-CA,6520,2024-04,6192.52,USD
MI-CA,OPS-CA,6520,2024-05,6095.56,USD
MI-CA,OPS-CA,6520,2024-06,5982.93,USD
MI-CA,OPS-CA,6520,2024-07,5566.65,USD
MI-CA,OPS-CA,6520,2024-08,5270.85,USD
MI-CA,OPS-CA,6520,2024-09,5204.85,USD
MI-CA,OPS-CA,6520,2024-10,5093.85,USD
MI-CA,OPS-CA,6520,2024-11,5151.81,USD
MI-CA,OPS-CA,6520,2024-12,5466.0,USD
MI-CA,OPS-CA,6530,2024-01,3038.82,USD
MI-CA,OPS-CA,6530,2024-02,3135.38,USD
MI-CA,OPS-CA,6530,2024-03,3294.33,USD
MI-CA,OPS-CA,6530,2024-04,3282.75,USD
MI-CA,OPS-CA,6530,2024-05,3172.1,USD
MI-CA,OPS-CA,6530,2024-06,3158.82,USD
MI-CA,OPS-CA,6530,2024-07,3030.77,USD
MI-CA,OPS-CA,6530,2024-08,2803.4,USD
MI-CA,OPS-CA,6530,2024-09,2718.43,USD
MI-CA,OPS-CA,6530,2024-10,2722.37,USD
MI-CA,OPS-CA,6530,2024-11,2726.36,USD
MI-CA,OPS-CA,6530,2024-12,2876.49,USD
MI-CA,OPS-CA,6610,2024-01,56015.64,USD
MI-CA,OPS-CA,6610,2024-02,58356.12,USD
MI-CA,OPS-CA,6610,2024-03,59319.19,USD
MI-CA,OPS-CA,6610,2024-04,60974.14,USD
MI-CA,OPS-CA,6610,2024-05,59398.58,USD
MI-CA,OPS-CA,6610,2024-06,59336.84,USD
MI-CA,OPS-CA,6610,2024-07,53936.87,USD
MI-CA,OPS-CA,6610,2024-08,52480.14,USD
MI-CA,OPS-CA,6610,2024-09,51433.57,USD
MI-CA,OPS-CA,6610,2024-10,50047.79,USD
MI-CA,OPS-CA,6610,2024-11,50060.69,USD
MI-CA,OPS-CA,6610,2024-12,52353.21,USD
MI-CA,OPS-CA,6620,2024-01,73617.78,USD
MI-CA,OPS-CA,6620,2024-02,76146.36,USD
MI-CA,OPS-CA,6620,2024-03,79604.24,USD
MI-CA,OPS-CA,6620,2024-04,81072.57,USD
MI-CA,OPS-CA,6620,2024-05,81504.22,USD
MI-CA,OPS-CA,6620,2024-06,77794.31,USD
MI-CA,OPS-CA,6620,2024-07,73757.35,USD
MI-CA,OPS-CA,6620,2024-08,70299.58,USD
MI-CA,OPS-CA,6620,2024-09,67640.56,USD
MI-CA,OPS-CA,6620,2024-10,65842.54,USD
MI-CA,OPS-CA,6620,2024-11,67012.48,USD
MI-CA,OPS-CA,6620,2024-12,71336.83,USD
MI-CA,OPS-CA,6630,2024-01,8330.95,USD
MI-CA,OPS-CA,6630,2024-02,8642.89,USD
MI-CA,OPS-CA,6630,2024-03,9057.05,USD
MI-CA,OPS-CA,6630,2024-04,9201.2,USD
MI-CA,OPS-CA,6630,2024-05,9046.39,USD
MI-CA,OPS-CA,6630,2024-06,8560.14,USD
MI-CA,OPS-CA,6630,2024-07,8315.91,USD
MI-CA,OPS-CA,6630,2024-08,7787.82,USD
MI-CA,OPS-CA,6630,2024-09,7498.15,USD
MI-CA,OPS-CA,6630,2024-10,7408.2,USD
MI-CA,OPS-CA,6630,2024-11,7752.2,USD
MI-CA,OPS-CA,6630,2024-12,7994.32,USD
MI-CA,OPS-CA,6810,2024-01,6221.48,USD
MI-CA,OPS-CA,6810,2024-02,6443.49,USD
MI-CA,OPS-CA,6810,2024-03,6622.55,USD
MI-CA,OPS-CA,6810,2024-04,6818.12,USD
MI-CA,OPS-CA,6810,2024-05,6794.21,USD
MI-CA,OPS-CA,6810,2024-06,6410.56,USD
MI-CA,OPS-CA,6810,2024-07,6348.85,USD
MI-CA,OPS-CA,6810,2024-08,5790.54,USD
MI-CA,OPS-CA,6810,2024-09,5586.28,USD
MI-CA,OPS-CA,6810,2024-10,5518.54,USD
MI-CA,OPS-CA,6810,2024-11,5624.55,USD
MI-CA,OPS-CA,6810,2024-12,5877.31,USD
MI-CA,OPS-CA,6830,2024-01,2117.68,USD
MI-CA,OPS-CA,6830,2024-02,2230.9,USD
MI-CA,OPS-CA,6830,2024-03,2315.81,USD
MI-CA,OPS-CA,6830,2024-04,2344.49,USD
MI-CA,OPS-CA,6830,2024-05,2313.66,USD
MI-CA,OPS-CA,6830,2024-06,2194.12,USD
MI-CA,OPS-CA,6830,2024-07,2101.52,USD
MI-CA,OPS-CA,6830,2024-08,2017.79,USD
MI-CA,OPS-CA,6830,2024-09,1981.76,USD
MI-CA,OPS-CA,6830,2024-10,1901.96,USD
MI-CA,OPS-CA,6830,2024-11,1907.25,USD
MI-CA,OPS-CA,6830,2024-12,1998.84,USD
MI-CA,SGA-CA,6110,2024-01,105985.86,USD
MI-CA,SGA-CA,6110,2024-02,109643.4,USD
MI-CA,SGA-CA,6110,2024-03,112284.14,USD
MI-CA,SGA-CA,6110,2024-04,114548.55,USD
MI-CA,SGA-CA,6110,2024-05,115286.42,USD
MI-CA,SGA-CA,6110,2024-06,110430.15,USD
MI-CA,SGA-CA,6110,2024-07,103479.28,USD
MI-CA,SGA-CA,6110,2024-08,100027.86,USD
MI-CA,SGA-CA,6110,2024-09,95376.39,USD
MI-CA,SGA-CA,6110,2024-10,94978.81,USD
MI-CA,SGA-CA,6110,2024-11,96392.79,USD
MI-CA,SGA-CA,6110,2024-12,97569.66,USD
MI-CA,SGA-CA,6120,2024-01,20655.73,USD
MI-CA,SGA-CA,6120,2024-02,22705.93,USD
MI-CA,SGA-CA,6120,2024-03,22944.16,USD
MI-CA,SGA-CA,6120,2024-04,23127.55,USD
MI-CA,SGA-CA,6120,2024-05,22632.03,USD
MI-CA,SGA-CA,6120,2024-06,21891.6,USD
MI-CA,SGA-CA,6120,2024-07,21487.83,USD
MI-CA,SGA-CA,6120,2024-08,20153.67,USD
MI-CA,SGA-CA,6120,2024-09,19477.1,USD
MI-CA,SGA-CA,6120,2024-10,18912.55,USD
MI-CA,SGA-CA,6120,2024-11,19337.67,USD
MI-CA,SGA-CA,6120,2024-12,19611.42,USD
MI-CA,SGA-CA,6130,2024-01,7054.61,USD
MI-CA,SGA-CA,6130,2024-02,7312.76,USD
MI-CA,SGA-CA,6130,2024-03,7492.64,USD
MI-CA,SGA-CA,6130,2024-04,7625.03,USD
MI-CA,SGA-CA,6130,2024-05,7661.76,USD
MI-CA,SGA-CA,6130,2024-06,7459.7,USD
MI-CA,SGA-CA,6130,2024-07,6917.94,USD
MI-CA,SGA-CA,6130,2024-08,6529.67,USD
MI-CA,SGA-CA,6130,2024-09,6382.94,USD
MI-CA,SGA-CA,6130,2024-10,6347.33,USD
MI-CA,SGA-CA,6130,2024-11,6290.87,USD
MI-CA,SGA-CA,6130,2024-12,6466.2,USD
MI-CA,SGA-CA,6210,2024-01,5031.58,USD
MI-CA,SGA-CA,6210,2024-02,5271.66,USD
MI-CA,SGA-CA,6210,2024-03,5422.4,USD
MI-CA,SGA-CA,6210,2024-04,5329.51,USD
MI-CA,SGA-CA,6210,2024-05,5427.61,USD
MI-CA,SGA-CA,6210,2024-06,5310.95,USD
MI-CA,SGA-CA,6210,2024-07,4957.04,USD
MI-CA,SGA-CA,6210,2024-08,4710.37,USD
MI-CA,SGA-CA,6210,2024-09,4614.72,USD
MI-CA,SGA-CA,6210,2024-10,4540.49,USD
MI-CA,SGA-CA,6210,2024-11,4511.2,USD
MI-CA,SGA-CA,6210,2024-12,4802.92,USD
MI-CA,SGA-CA,6220,2024-01,1888.17,USD
MI-CA,SGA-CA,6220,2024-02,1989.74,USD
MI-CA,SGA-CA,6220,2024-03,2052.82,USD
MI-CA,SGA-CA,6220,2024-04,2088.98,USD
MI-CA,SGA-CA,6220,2024-05,2069.49,USD
MI-CA,SGA-CA,6220,2024-06,1992.41,USD
MI-CA,SGA-CA,6220,2024-07,1885.88,USD
MI-CA,SGA-CA,6220,2024-08,1786.51,USD
MI-CA,SGA-CA,6220,2024-09,1711.72,USD
MI-CA,SGA-CA,6220,2024-10,1730.04,USD
MI-CA,SGA-CA,6220,2024-11,1753.48,USD
MI-CA,SGA-CA,6220,2024-12,1804.19,USD
MI-CA,SGA-CA,6230,2024-01,7254.52,USD
MI-CA,SGA-CA,6230,2024-02,7739.91,USD
MI-CA,SGA-CA,6230,2024-03,7834.05,USD
MI-CA,SGA-CA,6230,2024-04,8080.71,USD
MI-CA,SGA-CA,6230,2024-05,7924.53,USD
MI-CA,SGA-CA,6230,2024-06,7727.43,USD
MI-CA,SGA-CA,6230,2024-07,7229.47,USD
MI-CA,SGA-CA,6230,2024-08,6856.23,USD
MI-CA,SGA-CA,6230,2024-09,6736.01,USD
MI-CA,SGA-CA,6230,2024-10,6638.41,USD
MI-CA,SGA-CA,6230,2024-11,6672.39,USD
MI-CA,SGA-CA,6230,2024-12,6781.54,USD
MI-CA,SGA-CA,6240,2024-01,1300.08,USD
MI-CA,SGA-CA,6240,2024-02,1400.69,USD
MI-CA,SGA-CA,6240,2024-03,1415.9,USD
MI-CA,SGA-CA,6240,2024-04,1424.18,USD
MI-CA,SGA-CA,6240,2024-05,1387.38,USD
MI-CA,SGA-CA,6240,2024-06,1342.46,USD
MI-CA,SGA-CA,6240,2024-07,1336.14,USD
MI-CA,SGA-CA,6240,2024-08,1254.82,USD
MI-CA,SGA-CA,6240,2024-09,1192.42,USD
MI-CA,SGA-CA,6240,2024-10,1166.46,USD
MI-CA,SGA-CA,6240,2024-11,1180.42,USD
MI-CA,SGA-CA,6240,2024-12,1239.71,USD
MI-CA,SGA-CA,6310,2024-01,20573.39,USD
MI-CA,SGA-CA,6310,2024-02,21333.93,USD
MI-CA,SGA-CA,6310,2024-03,21821.47,USD
MI-CA,SGA-CA,6310,2024-04,22342.43,USD
MI-CA,SGA-CA,6310,2024-05,22329.84,USD
MI-CA,SGA-CA,6310,2024-06,21415.91,USD
MI-CA,SGA-CA,6310,2024-07,20366.02,USD
MI-CA,SGA-CA,6310,2024-08,18725.88,USD
MI-CA,SGA-CA,6310,2024-09,18899.12,USD
MI-CA,SGA-CA,6310,2024-10,18287.18,USD
MI-CA,SGA-CA,6310,2024-11,18580.25,USD
MI-CA,SGA-CA,6310,2024-12,19257.06,USD
MI-CA,SGA-CA,6320,2024-01,3695.19,USD
MI-CA,SGA-CA,6320,2024-02,3913.09,USD
MI-CA,SGA-CA,6320,2024-03,4103.91,USD
MI-CA,SGA-CA,6320,2024-04,4117.47,USD
MI-CA,SGA-CA,6320,2024-05,4001.82,USD
MI-CA,SGA-CA,6320,2024-06,3926.27,USD
MI-CA,SGA-CA,6320,2024-07,3684.79,USD
MI-CA,SGA-CA,6320,2024-08,3576.88,USD
MI-CA,SGA-CA,6320,2024-09,3316.94,USD
MI-CA,SGA-CA,6320,2024-10,3336.75,USD
MI-CA,SGA-CA,6320,2024-11,3446.37,USD
MI-CA,SGA-CA,6320,2024-12,3422.87,USD
MI-CA,SGA-CA,6330,2024-01,1935.85,USD
MI-CA,SGA-CA,6330,2024-02,1980.1,USD
MI-CA,SGA-CA,6330,2024-03,2036.33,USD
MI-CA,SGA-CA,6330,2024-04,2124.6,USD
MI-CA,SGA-CA,6330,2024-05,2039.33,USD
MI-CA,SGA-CA,6330,2024-06,2006.26,USD
MI-CA,SGA-CA,6330,2024-07,1914.04,USD
MI-CA,SGA-CA,6330,2024-08,1796.88,USD
MI-CA,SGA-CA,6330,2024-09,1691.32,USD
MI-CA,SGA-CA,6330,2024-10,1706.99,USD
MI-CA,SGA-CA,6330,2024-11,1718.07,USD
MI-CA,SGA-CA,6330,2024-12,1786.12,USD
MI-CA,SGA-CA,6410,2024-01,9386.5,USD
MI-CA,SGA-CA,6410,2024-02,9990.4,USD
MI-CA,SGA-CA,6410,2024-03,10298.59,USD
MI-CA,SGA-CA,6410,2024-04,10498.55,USD
MI-CA,SGA-CA,6410,2024-05,10204.32,USD
MI-CA,SGA-CA,6410,2024-06,9917.94,USD
MI-CA,SGA-CA,6410,2024-07,9455.71,USD
MI-CA,SGA-CA,6410,2024-08,8951.68,USD
MI-CA,SGA-CA,6410,2024-09,8646.63,USD
MI-CA,SGA-CA,6410,2024-10,8603.37,USD
MI-CA,SGA-CA,6410,2024-11,8678.5,USD
MI-CA,SGA-CA,6410,2024-12,8946.93,USD
MI-CA,SGA-CA,6420,2024-01,10578.94,USD
MI-CA,SGA-CA,6420,2024-02,11592.65,USD
MI-CA,SGA-CA,6420,2024-03,11720.85,USD
MI-CA,SGA-CA,6420,2024-04,11755.46,USD
MI-CA,SGA-CA,6420,2024-05,11495.03,USD
MI-CA,SGA-CA,6420,2024-06,11530.35,USD
MI-CA,SGA-CA,6420,2024-07,10809.12,USD
MI-CA,SGA-CA,6420,2024-08,10312.83,USD
MI-CA,SGA-CA,6420,2024-09,9900.98,USD
MI-CA,SGA-CA,6420,2024-10,9527.36,USD
MI-CA,SGA-CA,6420,2024-11,9764.53,USD
MI-CA,SGA-CA,6420,2024-12,9994.57,USD
MI-CA,SGA-CA,6430,2024-01,13124.68,USD
MI-CA,SGA-CA,6430,2024-02,13710.96,USD
MI-CA,SGA-CA,6430,2024-03,14357.67,USD
MI-CA,SGA-CA,6430,2024-04,14172.08,USD
MI-CA,SGA-CA,6430,2024-05,13957.95,USD
MI-CA,SGA-CA,6430,2024-06,13902.71,USD
MI-CA,SGA-CA,6430,2024-07,12849.32,USD
MI-CA,SGA-CA,6430,2024-08,12517.72,USD
MI-CA,SGA-CA,6430,2024-09,11793.84,USD
MI-CA,SGA-CA,6430,2024-10,11679.3,USD
MI-CA,SGA-CA,6430,2024-11,12097.23,USD
MI-CA,SGA-CA,6430,2024-12,12502.96,USD
MI-CA,SGA-CA,6510,2024-01,9817.9,USD
MI-CA,SGA-CA,6510,2024-02,10397.77,USD
MI-CA,SGA-CA,6510,2024-03,10591.94,USD
MI-CA,SGA-CA,6510,2024-04,10863.41,USD
MI-CA,SGA-CA,6510,2024-05,10527.29,USD
MI-CA,SGA-CA,6510,2024-06,10292.08,USD
MI-CA,SGA-CA,6510,2024-07,9686.01,USD
MI-CA,SGA-CA,6510,2024-08,9213.17,USD
MI-CA,SGA-CA,6510,2024-09,9198.77,USD
MI-CA,SGA-CA,6510,2024-10,8878.82,USD
MI-CA,SGA-CA,6510,2024-11,8935.42,USD
MI-CA,SGA-CA,6510,2024-12,9222.84,USD
MI-CA,SGA-CA,6520,2024-01,3644.36,USD
MI-CA,SGA-CA,6520,2024-02,3839.19,USD
MI-CA,SGA-CA,6520,2024-03,3939.82,USD
MI-CA,SGA-CA,6520,2024-04,4083.38,USD
MI-CA,SGA-CA,6520,2024-05,4094.11,USD
MI-CA,SGA-CA,6520,2024-06,3912.79,USD
MI-CA,SGA-CA,6520,2024-07,3641.92,USD
MI-CA,SGA-CA,6520,2024-08,3548.67,USD
MI-CA,SGA-CA,6520,2024-09,3371.96,USD
MI-CA,SGA-CA,6520,2024-10,3326.78,USD
MI-CA,SGA-CA,6520,2024-11,3382.87,USD
MI-CA,SGA-CA,6520,2024-12,3525.67,USD
MI-CA,SGA-CA,6530,2024-01,5951.6,USD
MI-CA,SGA-CA,6530,2024-02,6233.34,USD
MI-CA,SGA-CA,6530,2024-03,6508.86,USD
MI-CA,SGA-CA,6530,2024-04,6630.94,USD
MI-CA,SGA-CA,6530,2024-05,6462.9,USD
MI-CA,SGA-CA,6530,2024-06,6249.35,USD
MI-CA,SGA-CA,6530,2024-07,5967.05,USD
MI-CA,SGA-CA,6530,2024-08,5731.58,USD
MI-CA,SGA-CA,6530,2024-09,5532.1,USD
MI-CA,SGA-CA,6530,2024-10,5364.94,USD
MI-CA,SGA-CA,6530,2024-11,5505.98,USD
MI-CA,SGA-CA,6530,2024-12,5796.01,USD
MI-CA,SGA-CA,6810,2024-01,11019.57,USD
MI-CA,SGA-CA,6810,2024-02,11749.13,USD
MI-CA,SGA-CA,6810,2024-03,11942.84,USD
MI-CA,SGA-CA,6810,2024-04,12300.05,USD
MI-CA,SGA-CA,6810,2024-05,12085.61,USD
MI-CA,SGA-CA,6810,2024-06,11595.08,USD
MI-CA,SGA-CA,6810,2024-07,11008.2,USD
MI-CA,SGA-CA,6810,2024-08,10413.61,USD
MI-CA,SGA-CA,6810,2024-09,10410.54,USD
MI-CA,SGA-CA,6810,2024-10,9984.28,USD
MI-CA,SGA-CA,6810,2024-11,10209.8,USD
MI-CA,SGA-CA,6810,2024-12,10319.91,USD
MI-CA,SGA-CA,6820,2024-01,1966.02,USD
MI-CA,SGA-CA,6820,2024-02,2011.51,USD
MI-CA,SGA-CA,6820,2024-03,2118.85,USD
MI-CA,SGA-CA,6820,2024-04,2172.28,USD
MI-CA,SGA-CA,6820,2024-05,2123.56,USD
MI-CA,SGA-CA,6820,2024-06,2023.88,USD
MI-CA,SGA-CA,6820,2024-07,2012.63,USD
MI-CA,SGA-CA,6820,2024-08,1854.31,USD
MI-CA,SGA-CA,6820,2024-09,1792.19,USD
MI-CA,SGA-CA,6820,2024-10,1726.76,USD
MI-CA,SGA-CA,6820,2024-11,1784.16,USD
MI-CA,SGA-CA,6820,2024-12,1850.94,USD
MI-CA,SGA-CA,6830,2024-01,3019.26,USD
MI-CA,SGA-CA,6830,2024-02,3193.2,USD
MI-CA,SGA-CA,6830,2024-03,3201.41,USD
MI-CA,SGA-CA,6830,2024-04,3358.53,USD
MI-CA,SGA-CA,6830,2024-05,3334.79,USD
MI-CA,SGA-CA,6830,2024-06,3214.29,USD
MI-CA,SGA-CA,6830,2024-07,3049.05,USD
MI-CA,SGA-CA,6830,2024-08,2925.34,USD
MI-CA,SGA-CA,6830,2024-09,2794.81,USD
MI-CA,SGA-CA,6830,2024-10,2761.45,USD
MI-CA,SGA-CA,6830,2024-11,2745.87,USD
MI-CA,SGA-CA,6830,2024-12,2857.01,USD
MI-NL,ENG-EU,6110,2024-01,192716.26,USD
MI-NL,ENG-EU,6110,2024-02,202644.59,USD
MI-NL,ENG-EU,6110,2024-03,211235.57,USD
MI-NL,ENG-EU,6110,2024-04,214587.59,USD
MI-NL,ENG-EU,6110,2024-05,204130.57,USD
MI-NL,ENG-EU,6110,2024-06,206775.36,USD
MI-NL,ENG-EU,6110,2024-07,191626.61,USD
MI-NL,ENG-EU,6110,2024-08,184047.71,USD
MI-NL,ENG-EU,6110,2024-09,178995.05,USD
MI-NL,ENG-EU,6110,2024-10,176126.87,USD
MI-NL,ENG-EU,6110,2024-11,180166.46,USD
MI-NL,ENG-EU,6110,2024-12,182960.07,USD
MI-NL,ENG-EU,6120,2024-01,40670.48,USD
MI-NL,ENG-EU,6120,2024-02,43421.82,USD
MI-NL,ENG-EU,6120,2024-03,45998.9,USD
MI-NL,ENG-EU,6120,2024-04,46373.72,USD
MI-NL,ENG-EU,6120,2024-05,46073.72,USD
MI-NL,ENG-EU,6120,2024-06,43321.95,USD
MI-NL,ENG-EU,6120,2024-07,41813.83,USD
MI-NL,ENG-EU,6120,2024-08,40389.34,USD
MI-NL,ENG-EU,6120,2024-09,37443.02,USD
MI-NL,ENG-EU,6120,2024-10,37377.06,USD
MI-NL,ENG-EU,6120,2024-11,38396.46,USD
MI-NL,ENG-EU,6120,2024-12,39276.0,USD
MI-NL,ENG-EU,6130,2024-01,45635.29,USD
MI-NL,ENG-EU,6130,2024-02,48129.27,USD
MI-NL,ENG-EU,6130,2024-03,50794.92,USD
MI-NL,ENG-EU,6130,2024-04,49985.17,USD
MI-NL,ENG-EU,6130,2024-05,50438.47,USD
MI-NL,ENG-EU,6130,2024-06,48376.21,USD
MI-NL,ENG-EU,6130,2024-07,45887.36,USD
MI-NL,ENG-EU,6130,2024-08,43527.21,USD
MI-NL,ENG-EU,6130,2024-09,41647.07,USD
MI-NL,ENG-EU,6130,2024-10,40909.37,USD
MI-NL,ENG-EU,6130,2024-11,42146.76,USD
MI-NL,ENG-EU,6130,2024-12,42510.91,USD
MI-NL,ENG-EU,6210,2024-01,7767.04,USD
MI-NL,ENG-EU,6210,2024-02,8179.53,USD
MI-NL,ENG-EU,6210,2024-03,8440.57,USD
MI-NL,ENG-EU,6210,2024-04,8571.17,USD
MI-NL,ENG-EU,6210,2024-05,8313.66,USD
MI-NL,ENG-EU,6210,2024-06,8198.13,USD
MI-NL,ENG-EU,6210,2024-07,7692.04,USD
MI-NL,ENG-EU,6210,2024-08,7335.9,USD
MI-NL,ENG-EU,6210,2024-09,6934.41,USD
MI-NL,ENG-EU,6210,2024-10,7092.65,USD
MI-NL,ENG-EU,6210,2024-11,7183.09,USD
MI-NL,ENG-EU,6210,2024-12,7234.19,USD
MI-NL,ENG-EU,6220,2024-01,2177.71,USD
MI-NL,ENG-EU,6220,2024-02,2317.58,USD
MI-NL,ENG-EU,6220,2024-03,2446.75,USD
MI-NL,ENG-EU,6220,2024-04,2398.21,USD
MI-NL,ENG-EU,6220,2024-05,2429.07,USD
MI-NL,ENG-EU,6220,2024-06,2307.78,USD
MI-NL,ENG-EU,6220,2024-07,2166.15,USD
MI-NL,ENG-EU,6220,2024-08,2107.59,USD
MI-NL,ENG-EU,6220,2024-09,2010.23,USD
MI-NL,ENG-EU,6220,2024-10,1990.03,USD
MI-NL,ENG-EU,6220,2024-11,2036.73,USD
MI-NL,ENG-EU,6220,2024-12,2133.29,USD
MI-NL,ENG-EU,6230,2024-01,4292.33,USD
MI-NL,ENG-EU,6230,2024-02,4634.67,USD
MI-NL,ENG-EU,6230,2024-03,4669.13,USD
MI-NL,ENG-EU,6230,2024-04,4827.65,USD
MI-NL,ENG-EU,6230,2024-05,4761.03,USD
MI-NL,ENG-EU,6230,2024-06,4572.16,USD
MI-NL,ENG-EU,6230,2024-07,4381.82,USD
MI-NL,ENG-EU,6230,2024-08,4202.22,USD
MI-NL,ENG-EU,6230,2024-09,4019.56,USD
MI-NL,ENG-EU,6230,2024-10,3896.47,USD
MI-NL,ENG-EU,6230,2024-11,3939.06,USD
MI-NL,ENG-EU,6230,2024-12,4197.51,USD
MI-NL,ENG-EU,6240,2024-01,919.12,USD
MI-NL,ENG-EU,6240,2024-02,961.79,USD
MI-NL,ENG-EU,6240,2024-03,1012.39,USD
MI-NL,ENG-EU,6240,2024-04,1017.25,USD
MI-NL,ENG-EU,6240,2024-05,981.19,USD
MI-NL,ENG-EU,6240,2024-06,968.53,USD
MI-NL,ENG-EU,6240,2024-07,921.6,USD
MI-NL,ENG-EU,6240,2024-08,868.45,USD
MI-NL,ENG-EU,6240,2024-09,834.68,USD
MI-NL,ENG-EU,6240,2024-10,824.16,USD
MI-NL,ENG-EU,6240,2024-11,841.36,USD
MI-NL,ENG-EU,6240,2024-12,876.67,USD
MI-NL,ENG-EU,6310,2024-01,23560.31,USD
MI-NL,ENG-EU,6310,2024-02,24323.62,USD
MI-NL,ENG-EU,6310,2024-03,24436.56,USD
MI-NL,ENG-EU,6310,2024-04,26217.35,USD
MI-NL,ENG-EU,6310,2024-05,24905.43,USD
MI-NL,ENG-EU,6310,2024-06,24672.72,USD
MI-NL,ENG-EU,6310,2024-07,23104.95,USD
MI-NL,ENG-EU,6310,2024-08,22156.92,USD
MI-NL,ENG-EU,6310,2024-09,21376.52,USD
MI-NL,ENG-EU,6310,2024-10,20863.62,USD
MI-NL,ENG-EU,6310,2024-11,21094.14,USD
MI-NL,ENG-EU,6310,2024-12,22370.86,USD
MI-NL,ENG-EU,6320,2024-01,4614.12,USD
MI-NL,ENG-EU,6320,2024-02,4892.55,USD
MI-NL,ENG-EU,6320,2024-03,4922.06,USD
MI-NL,ENG-EU,6320,2024-04,5069.79,USD
MI-NL,ENG-EU,6320,2024-05,5003.19,USD
MI-NL,ENG-EU,6320,2024-06,4864.44,USD
MI-NL,ENG-EU,6320,2024-07,4636.76,USD
MI-NL,ENG-EU,6320,2024-08,4351.54,USD
MI-NL,ENG-EU,6320,2024-09,4154.51,USD
MI-NL,ENG-EU,6320,2024-10,4100.69,USD
MI-NL,ENG-EU,6320,2024-11,4269.7,USD
MI-NL,ENG-EU,6320,2024-12,4383.73,USD
MI-NL,ENG-EU,6330,2024-01,3557.72,USD
MI-NL,ENG-EU,6330,2024-02,3713.65,USD
MI-NL,ENG-EU,6330,2024-03,3868.45,USD
MI-NL,ENG-EU,6330,2024-04,3821.01,USD
MI-NL,ENG-EU,6330,2024-05,3706.01,USD
MI-NL,ENG-EU,6330,2024-06,3710.92,USD
MI-NL,ENG-EU,6330,2024-07,3556.17,USD
MI-NL,ENG-EU,6330,2024-08,3332.08,USD
MI-NL,ENG-EU,6330,2024-09,3210.99,USD
MI-NL,ENG-EU,6330,2024-10,3186.18,USD
MI-NL,ENG-EU,6330,2024-11,3170.36,USD
MI-NL,ENG-EU,6330,2024-12,3341.75,USD
MI-NL,ENG-EU,6430,2024-01,28971.84,USD
MI-NL,ENG-EU,6430,2024-02,31147.86,USD
MI-NL,ENG-EU,6430,2024-03,31021.41,USD
MI-NL,ENG-EU,6430,2024-04,32173.77,USD
MI-NL,ENG-EU,6430,2024-05,31403.89,USD
MI-NL,ENG-EU,6430,2024-06,30611.3,USD
MI-NL,ENG-EU,6430,2024-07,29340.43,USD
MI-NL,ENG-EU,6430,2024-08,27439.81,USD
MI-NL,ENG-EU,6430,2024-09,25984.13,USD
MI-NL,ENG-EU,6430,2024-10,26045.21,USD
MI-NL,ENG-EU,6430,2024-11,26259.69,USD
MI-NL,ENG-EU,6430,2024-12,27246.96,USD
MI-NL,ENG-EU,6510,2024-01,25320.91,USD
MI-NL,ENG-EU,6510,2024-02,26444.59,USD
MI-NL,ENG-EU,6510,2024-03,26309.71,USD
MI-NL,ENG-EU,6510,2024-04,27819.59,USD
MI-NL,ENG-EU,6510,2024-05,27461.18,USD
MI-NL,ENG-EU,6510,2024-06,26498.24,USD
MI-NL,ENG-EU,6510,2024-07,25069.79,USD
MI-NL,ENG-EU,6510,2024-08,23831.64,USD
MI-NL,ENG-EU,6510,2024-09,22978.84,USD
MI-NL,ENG-EU,6510,2024-10,22490.98,USD
MI-NL,ENG-EU,6510,2024-11,22979.03,USD
MI-NL,ENG-EU,6510,2024-12,24002.8,USD
MI-NL,ENG-EU,6520,2024-01,18133.1,USD
MI-NL,ENG-EU,6520,2024-02,19325.88,USD
MI-NL,ENG-EU,6520,2024-03,20157.61,USD
MI-NL,ENG-EU,6520,2024-04,20544.96,USD
MI-NL,ENG-EU,6520,2024-05,20178.57,USD
MI-NL,ENG-EU,6520,2024-06,19382.28,USD
MI-NL,ENG-EU,6520,2024-07,18470.35,USD
MI-NL,ENG-EU,6520,2024-08,17863.98,USD
MI-NL,ENG-EU,6520,2024-09,16782.9,USD
MI-NL,ENG-EU,6520,2024-10,16607.04,USD
MI-NL,ENG-EU,6520,2024-11,16905.82,USD
MI-NL,ENG-EU,6520,2024-12,17388.13,USD
MI-NL,ENG-EU,6530,2024-01,34811.13,USD
MI-NL,ENG-EU,6530,2024-02,35768.71,USD
MI-NL,ENG-EU,6530,2024-03,38357.15,USD
MI-NL,ENG-EU,6530,2024-04,38579.87,USD
MI-NL,ENG-EU,6530,2024-05,36947.23,USD
MI-NL,ENG-EU,6530,2024-06,35804.64,USD
MI-NL,ENG-EU,6530,2024-07,35008.04,USD
MI-NL,ENG-EU,6530,2024-08,33648.38,USD
MI-NL,ENG-EU,6530,2024-09,31822.51,USD
MI-NL,ENG-EU,6530,2024-10,31535.7,USD
MI-NL,ENG-EU,6530,2024-11,32181.18,USD
MI-NL,ENG-EU,6530,2024-12,33804.03,USD
MI-NL,ENG-EU,6830,2024-01,2147.9,USD
MI-NL,ENG-EU,6830,2024-02,2256.52,USD
MI-NL,ENG-EU,6830,2024-03,2325.49,USD
MI-NL,ENG-EU,6830,2024-04,2319.03,USD
MI-NL,ENG-EU,6830,2024-05,2357.71,USD
MI-NL,ENG-EU,6830,2024-06,2217.81,USD
MI-NL,ENG-EU,6830,2024-07,2195.21,USD
MI-NL,ENG-EU,6830,2024-08,2014.65,USD
MI-NL,ENG-EU,6830,2024-09,1983.88,USD
MI-NL,ENG-EU,6830,2024-10,1902.39,USD
MI-NL,ENG-EU,6830,2024-11,1957.54,USD
MI-NL,ENG-EU,6830,2024-12,2055.35,USD
MI-NL,OPS-EU,6110,2024-01,230569.28,USD
MI-NL,OPS-EU,6110,2024-02,242323.34,USD
MI-NL,OPS-EU,6110,2024-03,253216.62,USD
MI-NL,OPS-EU,6110,2024-04,253761.48,USD
MI-NL,OPS-EU,6110,2024-05,249271.89,USD
MI-NL,OPS-EU,6110,2024-06,247273.06,USD
MI-NL,OPS-EU,6110,2024-07,232226.5,USD
MI-NL,OPS-EU,6110,2024-08,216151.95,USD
MI-NL,OPS-EU,6110,2024-09,209549.25,USD
MI-NL,OPS-EU,6110,2024-10,202944.06,USD
MI-NL,OPS-EU,6110,2024-11,210284.8,USD
MI-NL,OPS-EU,6110,2024-12,220589.48,USD
MI-NL,OPS-EU,6120,2024-01,52400.95,USD
MI-NL,OPS-EU,6120,2024-02,53301.84,USD
MI-NL,OPS-EU,6120,2024-03,57364.45,USD
MI-NL,OPS-EU,6120,2024-04,56722.82,USD
MI-NL,OPS-EU,6120,2024-05,55933.71,USD
MI-NL,OPS-EU,6120,2024-06,55055.5,USD
MI-NL,OPS-EU,6120,2024-07,51664.34,USD
MI-NL,OPS-EU,6120,2024-08,48751.66,USD
MI-NL,OPS-EU,6120,2024-09,47476.14,USD
MI-NL,OPS-EU,6120,2024-10,45212.32,USD
MI-NL,OPS-EU,6120,2024-11,47437.61,USD
MI-NL,OPS-EU,6120,2024-12,48207.86,USD
MI-NL,OPS-EU,6130,2024-01,31341.21,USD
MI-NL,OPS-EU,6130,2024-02,33926.99,USD
MI-NL,OPS-EU,6130,2024-03,34912.87,USD
MI-NL,OPS-EU,6130,2024-04,34779.14,USD
MI-NL,OPS-EU,6130,2024-05,33462.34,USD
MI-NL,OPS-EU,6130,2024-06,32977.03,USD
MI-NL,OPS-EU,6130,2024-07,31346.72,USD
MI-NL,OPS-EU,6130,2024-08,30183.02,USD
MI-NL,OPS-EU,6130,2024-09,29203.84,USD
MI-NL,OPS-EU,6130,2024-10,28598.03,USD
MI-NL,OPS-EU,6130,2024-11,28513.59,USD
MI-NL,OPS-EU,6130,2024-12,30815.41,USD
MI-NL,OPS-EU,6210,2024-01,4183.87,USD
MI-NL,OPS-EU,6210,2024-02,4522.54,USD
MI-NL,OPS-EU,6210,2024-03,4558.31,USD
MI-NL,OPS-EU,6210,2024-04,4649.33,USD
MI-NL,OPS-EU,6210,2024-05,4597.32,USD
MI-NL,OPS-EU,6210,2024-06,4286.21,USD
MI-NL,OPS-EU,6210,2024-07,4148.88,USD
MI-NL,OPS-EU,6210,2024-08,4001.12,USD
MI-NL,OPS-EU,6210,2024-09,3801.92,USD
MI-NL,OPS-EU,6210,2024-10,3831.88,USD
MI-NL,OPS-EU,6210,2024-11,3837.44,USD
MI-NL,OPS-EU,6210,2024-12,4001.12,USD
MI-NL,OPS-EU,6220,2024-01,1411.45,USD
MI-NL,OPS-EU,6220,2024-02,1480.82,USD
MI-NL,OPS-EU,6220,2024-03,1524.67,USD
MI-NL,OPS-EU,6220,2024-04,1554.62,USD
MI-NL,OPS-EU,6220,2024-05,1556.55,USD
MI-NL,OPS-EU,6220,2024-06,1474.9,USD
MI-NL,OPS-EU,6220,2024-07,1403.44,USD
MI-NL,OPS-EU,6220,2024-08,1368.47,USD
MI-NL,OPS-EU,6220,2024-09,1297.63,USD
MI-NL,OPS-EU,6220,2024-10,1310.84,USD
MI-NL,OPS-EU,6220,2024-11,1292.56,USD
MI-NL,OPS-EU,6220,2024-12,1350.14,USD
MI-NL,OPS-EU,6230,2024-01,4308.85,USD
MI-NL,OPS-EU,6230,2024-02,4600.75,USD
MI-NL,OPS-EU,6230,2024-03,4720.29,USD
MI-NL,OPS-EU,6230,2024-04,4829.0,USD
MI-NL,OPS-EU,6230,2024-05,4755.62,USD
MI-NL,OPS-EU,6230,2024-06,4517.11,USD
MI-NL,OPS-EU,6230,2024-07,4477.98,USD
MI-NL,OPS-EU,6230,2024-08,4144.75,USD
MI-NL,OPS-EU,6230,2024-09,3915.3,USD
MI-NL,OPS-EU,6230,2024-10,3890.73,USD
MI-NL,OPS-EU,6230,2024-11,3985.61,USD
MI-NL,OPS-EU,6230,2024-12,4092.66,USD
MI-NL,OPS-EU,6240,2024-01,737.42,USD
MI-NL,OPS-EU,6240,2024-02,776.19,USD
MI-NL,OPS-EU,6240,2024-03,812.96,USD
MI-NL,OPS-EU,6240,2024-04,796.16,USD
MI-NL,OPS-EU,6240,2024-05,787.49,USD
MI-NL,OPS-EU,6240,2024-06,753.83,USD
MI-NL,OPS-EU,6240,2024-07,745.56,USD
MI-NL,OPS-EU,6240,2024-08,676.85,USD
MI-NL,OPS-EU,6240,2024-09,664.95,USD
MI-NL,OPS-EU,6240,2024-10,662.84,USD
MI-NL,OPS-EU,6240,2024-11,661.79,USD
MI-NL,OPS-EU,6240,2024-12,697.25,USD
MI-NL,OPS-EU,6310,2024-01,69367.65,USD
MI-NL,OPS-EU,6310,2024-02,73468.98,USD
MI-NL,OPS-EU,6310,2024-03,75122.86,USD
MI-NL,OPS-EU,6310,2024-04,76307.41,USD
MI-NL,OPS-EU,6310,2024-05,75226.4,USD
MI-NL,OPS-EU,6310,2024-06,72678.95,USD
MI-NL,OPS-EU,6310,2024-07,70573.89,USD
MI-NL,OPS-EU,6310,2024-08,65593.28,USD
MI-NL,OPS-EU,6310,2024-09,63117.06,USD
MI-NL,OPS-EU,6310,2024-10,63022.67,USD
MI-NL,OPS-EU,6310,2024-11,62551.14,USD
MI-NL,OPS-EU,6310,2024-12,66004.21,USD
MI-NL,OPS-EU,6320,2024-01,14994.96,USD
MI-NL,OPS-EU,6320,2024-02,16128.69,USD
MI-NL,OPS-EU,6320,2024-03,16388.71,USD
MI-NL,OPS-EU,6320,2024-04,16648.76,USD
MI-NL,OPS-EU,6320,2024-05,16346.47,USD
MI-NL,OPS-EU,6320,2024-06,15831.63,USD
MI-NL,OPS-EU,6320,2024-07,14964.59,USD
MI-NL,OPS-EU,6320,2024-08,14442.77,USD
MI-NL,OPS-EU,6320,2024-09,13845.77,USD
MI-NL,OPS-EU,6320,2024-10,13429.72,USD
MI-NL,OPS-EU,6320,2024-11,13559.22,USD
MI-NL,OPS-EU,6320,2024-12,14475.93,USD
MI-NL,OPS-EU,6330,2024-01,21830.24,USD
MI-NL,OPS-EU,6330,2024-02,22366.57,USD
MI-NL,OPS-EU,6330,2024-03,23353.34,USD
MI-NL,OPS-EU,6330,2024-04,23525.57,USD
MI-NL,OPS-EU,6330,2024-05,23377.15,USD
MI-NL,OPS-EU,6330,2024-06,22266.34,USD
MI-NL,OPS-EU,6330,2024-07,21670.68,USD
MI-NL,OPS-EU,6330,2024-08,20345.47,USD
MI-NL,OPS-EU,6330,2024-09,19799.23,USD
MI-NL,OPS-EU,6330,2024-10,19567.76,USD
MI-NL,OPS-EU,6330,2024-11,19775.42,USD
MI-NL,OPS-EU,6330,2024-12,20571.14,USD
MI-NL,OPS-EU,6430,2024-01,9769.37,USD
MI-NL,OPS-EU,6430,2024-02,10172.78,USD
MI-NL,OPS-EU,6430,2024-03,10565.35,USD
MI-NL,OPS-EU,6430,2024-04,10912.85,USD
MI-NL,OPS-EU,6430,2024-05,10687.69,USD
MI-NL,OPS-EU,6430,2024-06,10070.9,USD
MI-NL,OPS-EU,6430,2024-07,9668.55,USD
MI-NL,OPS-EU,6430,2024-08,9291.61,USD
MI-NL,OPS-EU,6430,2024-09,8918.55,USD
MI-NL,OPS-EU,6430,2024-10,8884.27,USD
MI-NL,OPS-EU,6430,2024-11,8923.99,USD
MI-NL,OPS-EU,6430,2024-12,9383.97,USD
MI-NL,OPS-EU,6510,2024-01,7012.17,USD
MI-NL,OPS-EU,6510,2024-02,7214.01,USD
MI-NL,OPS-EU,6510,2024-03,7505.63,USD
MI-NL,OPS-EU,6510,2024-04,7633.34,USD
MI-NL,OPS-EU,6510,2024-05,7674.79,USD
MI-NL,OPS-EU,6510,2024-06,7058.22,USD
MI-NL,OPS-EU,6510,2024-07,7121.62,USD
MI-NL,OPS-EU,6510,2024-08,6556.8,USD
MI-NL,OPS-EU,6510,2024-09,6287.26,USD
MI-NL,OPS-EU,6510,2024-10,6186.78,USD
MI-NL,OPS-EU,6510,2024-11,6514.23,USD
MI-NL,OPS-EU,6510,2024-12,6583.87,USD
MI-NL,OPS-EU,6520,2024-01,8813.23,USD
MI-NL,OPS-EU,6520,2024-02,9400.99,USD
MI-NL,OPS-EU,6520,2024-03,9608.9,USD
MI-NL,OPS-EU,6520,2024-04,9778.33,USD
MI-NL,OPS-EU,6520,2024-05,9621.88,USD
MI-NL,OPS-EU,6520,2024-06,9248.98,USD
MI-NL,OPS-EU,6520,2024-07,8817.23,USD
MI-NL,OPS-EU,6520,2024-08,8497.73,USD
MI-NL,OPS-EU,6520,2024-09,8074.33,USD
MI-NL,OPS-EU,6520,2024-10,7906.08,USD
MI-NL,OPS-EU,6520,2024-11,8254.12,USD
MI-NL,OPS-EU,6520,2024-12,8371.52,USD
MI-NL,OPS-EU,6530,2024-01,4429.01,USD
MI-NL,OPS-EU,6530,2024-02,4673.53,USD
MI-NL,OPS-EU,6530,2024-03,4801.08,USD
MI-NL,OPS-EU,6530,2024-04,4880.92,USD
MI-NL,OPS-EU,6530,2024-05,4837.74,USD
MI-NL,OPS-EU,6530,2024-06,4610.71,USD
MI-NL,OPS-EU,6530,2024-07,4478.65,USD
MI-NL,OPS-EU,6530,2024-08,4221.59,USD
MI-NL,OPS-EU,6530,2024-09,4046.19,USD
MI-NL,OPS-EU,6530,2024-10,3929.85,USD
MI-NL,OPS-EU,6530,2024-11,4072.33,USD
MI-NL,OPS-EU,6530,2024-12,4240.77,USD
MI-NL,OPS-EU,6610,2024-01,84914.75,USD
MI-NL,OPS-EU,6610,2024-02,87531.91,USD
MI-NL,OPS-EU,6610,2024-03,91290.7,USD
MI-NL,OPS-EU,6610,2024-04,91688.09,USD
MI-NL,OPS-EU,6610,2024-05,91688.38,USD
MI-NL,OPS-EU,6610,2024-06,87089.78,USD
MI-NL,OPS-EU,6610,2024-07,83951.33,USD
MI-NL,OPS-EU,6610,2024-08,79619.63,USD
MI-NL,OPS-EU,6610,2024-09,75644.79,USD
MI-NL,OPS-EU,6610,2024-10,76351.3,USD
MI-NL,OPS-EU,6610,2024-11,75866.24,USD
MI-NL,OPS-EU,6610,2024-12,81155.56,USD
MI-NL,OPS-EU,6620,2024-01,106302.3,USD
MI-NL,OPS-EU,6620,2024-02,111332.01,USD
MI-NL,OPS-EU,6620,2024-03,116494.07,USD
MI-NL,OPS-EU,6620,2024-04,115604.05,USD
MI-NL,OPS-EU,6620,2024-05,117616.44,USD
MI-NL,OPS-EU,6620,2024-06,112916.75,USD
MI-NL,OPS-EU,6620,2024-07,106672.37,USD
MI-NL,OPS-EU,6620,2024-08,99375.98,USD
MI-NL,OPS-EU,6620,2024-09,98221.6,USD
MI-NL,OPS-EU,6620,2024-10,95157.18,USD
MI-NL,OPS-EU,6620,2024-11,97215.53,USD
MI-NL,OPS-EU,6620,2024-12,99358.8,USD
MI-NL,OPS-EU,6630,2024-01,12279.05,USD
MI-NL,OPS-EU,6630,2024-02,12636.8,USD
MI-NL,OPS-EU,6630,2024-03,13081.49,USD
MI-NL,OPS-EU,6630,2024-04,13376.94,USD
MI-NL,OPS-EU,6630,2024-05,13342.11,USD
MI-NL,OPS-EU,6630,2024-06,12566.99,USD
MI-NL,OPS-EU,6630,2024-07,12142.07,USD
MI-NL,OPS-EU,6630,2024-08,11439.9,USD
MI-NL,OPS-EU,6630,2024-09,11204.62,USD
MI-NL,OPS-EU,6630,2024-10,10990.52,USD
MI-NL,OPS-EU,6630,2024-11,10962.08,USD
MI-NL,OPS-EU,6630,2024-12,11626.51,USD
MI-NL,OPS-EU,6810,2024-01,8371.31,USD
MI-NL,OPS-EU,6810,2024-02,8924.69,USD
MI-NL,OPS-EU,6810,2024-03,9210.71,USD
MI-NL,OPS-EU,6810,2024-04,8995.84,USD
MI-NL,OPS-EU,6810,2024-05,9149.51,USD
MI-NL,OPS-EU,6810,2024-06,8774.48,USD
MI-NL,OPS-EU,6810,2024-07,8383.94,USD
MI-NL,OPS-EU,6810,2024-08,7910.74,USD
MI-NL,OPS-EU,6810,2024-09,7501.09,USD
MI-NL,OPS-EU,6810,2024-10,7474.49,USD
MI-NL,OPS-EU,6810,2024-11,7610.42,USD
MI-NL,OPS-EU,6810,2024-12,7992.73,USD
MI-NL,OPS-EU,6830,2024-01,3602.21,USD
MI-NL,OPS-EU,6830,2024-02,3769.2,USD
MI-NL,OPS-EU,6830,2024-03,3892.91,USD
MI-NL,OPS-EU,6830,2024-04,3856.73,USD
MI-NL,OPS-EU,6830,2024-05,3889.97,USD
MI-NL,OPS-EU,6830,2024-06,3695.21,USD
MI-NL,OPS-EU,6830,2024-07,3607.15,USD
MI-NL,OPS-EU,6830,2024-08,3409.6,USD
MI-NL,OPS-EU,6830,2024-09,3226.14,USD
MI-NL,OPS-EU,6830,2024-10,3210.95,USD
MI-NL,OPS-EU,6830,2024-11,3210.93,USD
MI-NL,OPS-EU,6830,2024-12,3353.43,USD
MI-NL,SGA-EU,6110,2024-01,143955.37,USD
MI-NL,SGA-EU,6110,2024-02,151179.81,USD
MI-NL,SGA-EU,6110,2024-03,159096.79,USD
MI-NL,SGA-EU,6110,2024-04,157174.63,USD
MI-NL,SGA-EU,6110,2024-05,155923.17,USD
MI-NL,SGA-EU,6110,2024-06,149761.25,USD
MI-NL,SGA-EU,6110,2024-07,142143.71,USD
MI-NL,SGA-EU,6110,2024-08,136606.61,USD
MI-NL,SGA-EU,6110,2024-09,131850.49,USD
MI-NL,SGA-EU,6110,2024-10,128073.82,USD
MI-NL,SGA-EU,6110,2024-11,132488.66,USD
MI-NL,SGA-EU,6110,2024-12,137931.5,USD
MI-NL,SGA-EU,6120,2024-01,31989.28,USD
MI-NL,SGA-EU,6120,2024-02,33106.99,USD
MI-NL,SGA-EU,6120,2024-03,34936.84,USD
MI-NL,SGA-EU,6120,2024-04,34996.5,USD
MI-NL,SGA-EU,6120,2024-05,34345.89,USD
MI-NL,SGA-EU,6120,2024-06,32908.14,USD
MI-NL,SGA-EU,6120,2024-07,31446.96,USD
MI-NL,SGA-EU,6120,2024-08,30183.19,USD
MI-NL,SGA-EU,6120,2024-09,29546.67,USD
MI-NL,SGA-EU,6120,2024-10,28658.04,USD
MI-NL,SGA-EU,6120,2024-11,28727.67,USD
MI-NL,SGA-EU,6120,2024-12,30201.14,USD
MI-NL,SGA-EU,6130,2024-01,10012.91,USD
MI-NL,SGA-EU,6130,2024-02,10756.15,USD
MI-NL,SGA-EU,6130,2024-03,10875.84,USD
MI-NL,SGA-EU,6130,2024-04,11074.77,USD
MI-NL,SGA-EU,6130,2024-05,10749.25,USD
MI-NL,SGA-EU,6130,2024-06,10735.08,USD
MI-NL,SGA-EU,6130,2024-07,9840.51,USD
MI-NL,SGA-EU,6130,2024-08,9366.03,USD
MI-NL,SGA-EU,6130,2024-09,8997.35,USD
MI-NL,SGA-EU,6130,2024-10,8835.47,USD
MI-NL,SGA-EU,6130,2024-11,9017.27,USD
MI-NL,SGA-EU,6130,2024-12,9300.47,USD
MI-NL,SGA-EU,6210,2024-01,5539.95,USD
MI-NL,SGA-EU,6210,2024-02,5723.51,USD
MI-NL,SGA-EU,6210,2024-03,6009.42,USD
MI-NL,SGA-EU,6210,2024-04,5987.79,USD
MI-NL,SGA-EU,6210,2024-05,5988.04,USD
MI-NL,SGA-EU,6210,2024-06,5815.22,USD
MI-NL,SGA-EU,6210,2024-07,5454.12,USD
MI-NL,SGA-EU,6210,2024-08,5198.16,USD
MI-NL,SGA-EU,6210,2024-09,5061.28,USD
MI-NL,SGA-EU,6210,2024-10,4981.16,USD
MI-NL,SGA-EU,6210,2024-11,5087.1,USD
MI-NL,SGA-EU,6210,2024-12,5257.6,USD
MI-NL,SGA-EU,6220,2024-01,2097.4,USD
MI-NL,SGA-EU,6220,2024-02,2112.15,USD
MI-NL,SGA-EU,6220,2024-03,2235.72,USD
MI-NL,SGA-EU,6220,2024-04,2268.43,USD
MI-NL,SGA-EU,6220,2024-05,2198.03,USD
MI-NL,SGA-EU,6220,2024-06,2129.79,USD
MI-NL,SGA-EU,6220,2024-07,2051.38,USD
MI-NL,SGA-EU,6220,2024-08,1960.38,USD
MI-NL,SGA-EU,6220,2024-09,1866.11,USD
MI-NL,SGA-EU,6220,2024-10,1858.25,USD
MI-NL,SGA-EU,6220,2024-11,1908.01,USD
MI-NL,SGA-EU,6220,2024-12,1920.53,USD
MI-NL,SGA-EU,6230,2024-01,5874.73,USD
MI-NL,SGA-EU,6230,2024-02,6213.16,USD
MI-NL,SGA-EU,6230,2024-03,6441.81,USD
MI-NL,SGA-EU,6230,2024-04,6465.38,USD
MI-NL,SGA-EU,6230,2024-05,6509.86,USD
MI-NL,SGA-EU,6230,2024-06,6243.65,USD
MI-NL,SGA-EU,6230,2024-07,5926.8,USD
MI-NL,SGA-EU,6230,2024-08,5568.31,USD
MI-NL,SGA-EU,6230,2024-09,5413.1,USD
MI-NL,SGA-EU,6230,2024-10,5315.57,USD
MI-NL,SGA-EU,6230,2024-11,5472.74,USD
MI-NL,SGA-EU,6230,2024-12,5591.88,USD
MI-NL,SGA-EU,6240,2024-01,794.34,USD
MI-NL,SGA-EU,6240,2024-02,858.65,USD
MI-NL,SGA-EU,6240,2024-03,866.36,USD
MI-NL,SGA-EU,6240,2024-04,880.53,USD
MI-NL,SGA-EU,6240,2024-05,875.27,USD
MI-NL,SGA-EU,6240,2024-06,835.43,USD
MI-NL,SGA-EU,6240,2024-07,816.69,USD
MI-NL,SGA-EU,6240,2024-08,767.52,USD
MI-NL,SGA-EU,6240,2024-09,718.03,USD
MI-NL,SGA-EU,6240,2024-10,724.13,USD
MI-NL,SGA-EU,6240,2024-11,738.44,USD
MI-NL,SGA-EU,6240,2024-12,784.07,USD
MI-NL,SGA-EU,6310,2024-01,31251.49,USD
MI-NL,SGA-EU,6310,2024-02,32681.31,USD
MI-NL,SGA-EU,6310,2024-03,33308.69,USD
MI-NL,SGA-EU,6310,2024-04,34004.42,USD
MI-NL,SGA-EU,6310,2024-05,32926.07,USD
MI-NL,SGA-EU,6310,2024-06,32172.73,USD
MI-NL,SGA-EU,6310,2024-07,30723.01,USD
MI-NL,SGA-EU,6310,2024-08,29262.61,USD
MI-NL,SGA-EU,6310,2024-09,28036.7,USD
MI-NL,SGA-EU,6310,2024-10,27692.11,USD
MI-NL,SGA-EU,6310,2024-11,28626.33,USD
MI-NL,SGA-EU,6310,2024-12,29632.62,USD
MI-NL,SGA-EU,6320,2024-01,5718.5,USD
MI-NL,SGA-EU,6320,2024-02,6074.83,USD
MI-NL,SGA-EU,6320,2024-03,6103.71,USD
MI-NL,SGA-EU,6320,2024-04,6274.43,USD
MI-NL,SGA-EU,6320,2024-05,6215.79,USD
MI-NL,SGA-EU,6320,2024-06,6071.14,USD
MI-NL,SGA-EU,6320,2024-07,5766.74,USD
MI-NL,SGA-EU,6320,2024-08,5433.19,USD
MI-NL,SGA-EU,6320,2024-09,5360.15,USD
MI-NL,SGA-EU,6320,2024-10,5219.17,USD
MI-NL,SGA-EU,6320,2024-11,5254.34,USD
MI-NL,SGA-EU,6320,2024-12,5611.15,USD
MI-NL,SGA-EU,6330,2024-01,2817.82,USD
MI-NL,SGA-EU,6330,2024-02,2973.83,USD
MI-NL,SGA-EU,6330,2024-03,3099.99,USD
MI-NL,SGA-EU,6330,2024-04,3126.68,USD
MI-NL,SGA-EU,6330,2024-05,3063.6,USD
MI-NL,SGA-EU,6330,2024-06,3010.7,USD
MI-NL,SGA-EU,6330,2024-07,2843.27,USD
MI-NL,SGA-EU,6330,2024-08,2682.64,USD
MI-NL,SGA-EU,6330,2024-09,2543.66,USD
MI-NL,SGA-EU,6330,2024-10,2531.25,USD
MI-NL,SGA-EU,6330,2024-11,2579.17,USD
MI-NL,SGA-EU,6330,2024-12,2655.58,USD
MI-NL,SGA-EU,6410,2024-01,14089.17,USD
MI-NL,SGA-EU,6410,2024-02,14527.12,USD
MI-NL,SGA-EU,6410,2024-03,15151.6,USD
MI-NL,SGA-EU,6410,2024-04,15239.63,USD
MI-NL,SGA-EU,6410,2024-05,15059.59,USD
MI-NL,SGA-EU,6410,2024-06,14823.6,USD
MI-NL,SGA-EU,6410,2024-07,13701.84,USD
MI-NL,SGA-EU,6410,2024-08,13231.49,USD
MI-NL,SGA-EU,6410,2024-09,12622.75,USD
MI-NL,SGA-EU,6410,2024-10,12348.88,USD
MI-NL,SGA-EU,6410,2024-11,12683.51,USD
MI-NL,SGA-EU,6410,2024-12,13355.44,USD
MI-NL,SGA-EU,6420,2024-01,15512.31,USD
MI-NL,SGA-EU,6420,2024-02,16520.39,USD
MI-NL,SGA-EU,6420,2024-03,16699.91,USD
MI-NL,SGA-EU,6420,2024-04,17354.59,USD
MI-NL,SGA-EU,6420,2024-05,16819.35,USD
MI-NL,SGA-EU,6420,2024-06,16183.62,USD
MI-NL,SGA-EU,6420,2024-07,15657.15,USD
MI-NL,SGA-EU,6420,2024-08,14573.25,USD
MI-NL,SGA-EU,6420,2024-09,14025.93,USD
MI-NL,SGA-EU,6420,2024-10,14271.26,USD
MI-NL,SGA-EU,6420,2024-11,14175.87,USD
MI-NL,SGA-EU,6420,2024-12,14677.67,USD
MI-NL,SGA-EU,6430,2024-01,18789.07,USD
MI-NL,SGA-EU,6430,2024-02,20681.17,USD
MI-NL,SGA-EU,6430,2024-03,20643.6,USD
MI-NL,SGA-EU,6430,2024-04,20961.7,USD
MI-NL,SGA-EU,6430,2024-05,21014.09,USD
MI-NL,SGA-EU,6430,2024-06,20573.82,USD
MI-NL,SGA-EU,6430,2024-07,19533.9,USD
MI-NL,SGA-EU,6430,2024-08,18117.79,USD
MI-NL,SGA-EU,6430,2024-09,17468.66,USD
MI-NL,SGA-EU,6430,2024-10,17130.33,USD
MI-NL,SGA-EU,6430,2024-11,18183.0,USD
MI-NL,SGA-EU,6430,2024-12,17977.09,USD
MI-NL,SGA-EU,6510,2024-01,14939.16,USD
MI-NL,SGA-EU,6510,2024-02,15173.78,USD
MI-NL,SGA-EU,6510,2024-03,15824.66,USD
MI-NL,SGA-EU,6510,2024-04,16006.27,USD
MI-NL,SGA-EU,6510,2024-05,15875.01,USD
MI-NL,SGA-EU,6510,2024-06,15382.6,USD
MI-NL,SGA-EU,6510,2024-07,14714.52,USD
MI-NL,SGA-EU,6510,2024-08,13507.18,USD
MI-NL,SGA-EU,6510,2024-09,13178.66,USD
MI-NL,SGA-EU,6510,2024-10,13215.08,USD
MI-NL,SGA-EU,6510,2024-11,13366.15,USD
MI-NL,SGA-EU,6510,2024-12,13701.12,USD
MI-NL,SGA-EU,6520,2024-01,5646.42,USD
MI-NL,SGA-EU,6520,2024-02,5912.69,USD
MI-NL,SGA-EU,6520,2024-03,6099.49,USD
MI-NL,SGA-EU,6520,2024-04,6299.18,USD
MI-NL,SGA-EU,6520,2024-05,6096.71,USD
MI-NL,SGA-EU,6520,2024-06,5932.77,USD
MI-NL,SGA-EU,6520,2024-07,5618.59,USD
MI-NL,SGA-EU,6520,2024-08,5336.85,USD
MI-NL,SGA-EU,6520,2024-09,5183.87,USD
MI-NL,SGA-EU,6520,2024-10,5163.21,USD
MI-NL,SGA-EU,6520,2024-11,5084.06,USD
MI-NL,SGA-EU,6520,2024-12,5246.06,USD
MI-NL,SGA-EU,6530,2024-01,9150.16,USD
MI-NL,SGA-EU,6530,2024-02,9617.49,USD
MI-NL,SGA-EU,6530,2024-03,9864.96,USD
MI-NL,SGA-EU,6530,2024-04,10066.42,USD
MI-NL,SGA-EU,6530,2024-05,9802.34,USD
MI-NL,SGA-EU,6530,2024-06,9505.07,USD
MI-NL,SGA-EU,6530,2024-07,8939.41,USD
MI-NL,SGA-EU,6530,2024-08,8708.49,USD
MI-NL,SGA-EU,6530,2024-09,8265.41,USD
MI-NL,SGA-EU,6530,2024-10,8085.71,USD
MI-NL,SGA-EU,6530,2024-11,8002.23,USD
MI-NL,SGA-EU,6530,2024-12,8539.19,USD
MI-NL,SGA-EU,6810,2024-01,17373.43,USD
MI-NL,SGA-EU,6810,2024-02,17776.21,USD
MI-NL,SGA-EU,6810,2024-03,18253.55,USD
MI-NL,SGA-EU,6810,2024-04,18895.65,USD
MI-NL,SGA-EU,6810,2024-05,18957.14,USD
MI-NL,SGA-EU,6810,2024-06,17779.55,USD
MI-NL,SGA-EU,6810,2024-07,17587.46,USD
MI-NL,SGA-EU,6810,2024-08,16116.52,USD
MI-NL,SGA-EU,6810,2024-09,15769.08,USD
MI-NL,SGA-EU,6810,2024-10,15466.2,USD
MI-NL,SGA-EU,6810,2024-11,15856.35,USD
MI-NL,SGA-EU,6810,2024-12,15986.03,USD
MI-NL,SGA-EU,6820,2024-01,2860.7,USD
MI-NL,SGA-EU,6820,2024-02,3012.03,USD
MI-NL,SGA-EU,6820,2024-03,3058.32,USD
MI-NL,SGA-EU,6820,2024-04,3186.07,USD
MI-NL,SGA-EU,6820,2024-05,3158.53,USD
MI-NL,SGA-EU,6820,2024-06,3056.16,USD
MI-NL,SGA-EU,6820,2024-07,2897.24,USD
MI-NL,SGA-EU,6820,2024-08,2765.27,USD
MI-NL,SGA-EU,6820,2024-09,2626.55,USD
MI-NL,SGA-EU,6820,2024-10,2572.27,USD
MI-NL,SGA-EU,6820,2024-11,2667.39,USD
MI-NL,SGA-EU,6820,2024-12,2740.05,USD
MI-NL,SGA-EU,6830,2024-01,4268.95,USD
MI-NL,SGA-EU,6830,2024-02,4514.44,USD
MI-NL,SGA-EU,6830,2024-03,4743.35,USD
MI-NL,SGA-EU,6830,2024-04,4831.64,USD
MI-NL,SGA-EU,6830,2024-05,4679.97,USD
MI-NL,SGA-EU,6830,2024-06,4653.76,USD
MI-NL,SGA-EU,6830,2024-07,4476.26,USD
MI-NL,SGA-EU,6830,2024-08,4112.55,USD
MI-NL,SGA-EU,6830,2024-09,4017.63,USD
MI-NL,SGA-EU,6830,2024-10,3859.2,USD
MI-NL,SGA-EU,6830,2024-11,3938.17,USD
MI-NL,SGA-EU,6830,2024-12,4082.98,USD
MI-US,ENG-US,6110,2024-01,167465.62,USD
MI-US,ENG-US,6110,2024-02,173304.74,USD
MI-US,ENG-US,6110,2024-03,178299.16,USD
MI-US,ENG-US,6110,2024-04,181533.18,USD
MI-US,ENG-US,6110,2024-05,181202.77,USD
MI-US,ENG-US,6110,2024-06,175138.23,USD
MI-US,ENG-US,6110,2024-07,164306.72,USD
MI-US,ENG-US,6110,2024-08,159738.33,USD
MI-US,ENG-US,6110,2024-09,150610.36,USD
MI-US,ENG-US,6110,2024-10,147640.15,USD
MI-US,ENG-US,6110,2024-11,152448.14,USD
MI-US,ENG-US,6110,2024-12,157264.57,USD
MI-US,ENG-US,6120,2024-01,39391.72,USD
MI-US,ENG-US,6120,2024-02,40961.23,USD
MI-US,ENG-US,6120,2024-03,43212.17,USD
MI-US,ENG-US,6120,2024-04,44084.96,USD
MI-US,ENG-US,6120,2024-05,43559.11,USD
MI-US,ENG-US,6120,2024-06,41046.11,USD
MI-US,ENG-US,6120,2024-07,39181.19,USD
MI-US,ENG-US,6120,2024-08,37645.3,USD
MI-US,ENG-US,6120,2024-09,35937.95,USD
MI-US,ENG-US,6120,2024-10,34754.69,USD
MI-US,ENG-US,6120,2024-11,36191.22,USD
MI-US,ENG-US,6120,2024-12,37145.83,USD
MI-US,ENG-US,6130,2024-01,43912.64,USD
MI-US,ENG-US,6130,2024-02,46710.82,USD
MI-US,ENG-US,6130,2024-03,49286.09,USD
MI-US,ENG-US,6130,2024-04,49214.56,USD
MI-US,ENG-US,6130,2024-05,47309.17,USD
MI-US,ENG-US,6130,2024-06,47785.49,USD
MI-US,ENG-US,6130,2024-07,44052.79,USD
MI-US,ENG-US,6130,2024-08,42153.66,USD
MI-US,ENG-US,6130,2024-09,40174.19,USD
MI-US,ENG-US,6130,2024-10,41051.27,USD
MI-US,ENG-US,6130,2024-11,40116.08,USD
MI-US,ENG-US,6130,2024-12,42036.42,USD
MI-US,ENG-US,6210,2024-01,5274.26,USD
MI-US,ENG-US,6210,2024-02,5496.27,USD
MI-US,ENG-US,6210,2024-03,5724.42,USD
MI-US,ENG-US,6210,2024-04,5596.53,USD
MI-US,ENG-US,6210,2024-05,5704.65,USD
MI-US,ENG-US,6210,2024-06,5508.76,USD
MI-US,ENG-US,6210,2024-07,5234.21,USD
MI-US,ENG-US,6210,2024-08,4926.83,USD
MI-US,ENG-US,6210,2024-09,4751.62,USD
MI-US,ENG-US,6210,2024-10,4626.7,USD
MI-US,ENG-US,6210,2024-11,4721.43,USD
MI-US,ENG-US,6210,2024-12,5005.64,USD
MI-US,ENG-US,6220,2024-01,2230.62,USD
MI-US,ENG-US,6220,2024-02,2407.74,USD
MI-US,ENG-US,6220,2024-03,2461.49,USD
MI-US,ENG-US,6220,2024-04,2497.44,USD
MI-US,ENG-US,6220,2024-05,2443.96,USD
MI-US,ENG-US,6220,2024-06,2383.57,USD
MI-US,ENG-US,6220,2024-07,2222.7,USD
MI-US,ENG-US,6220,2024-08,2187.14,USD
MI-US,ENG-US,6220,2024-09,2101.88,USD
MI-US,ENG-US,6220,2024-10,2045.8,USD
MI-US,ENG-US,6220,2024-11,2078.23,USD
MI-US,ENG-US,6220,2024-12,2187.07,USD
MI-US,ENG-US,6230,2024-01,4724.86,USD
MI-US,ENG-US,6230,2024-02,4883.59,USD
MI-US,ENG-US,6230,2024-03,5058.73,USD
MI-US,ENG-US,6230,2024-04,5153.73,USD
MI-US,ENG-US,6230,2024-05,5110.03,USD
MI-US,ENG-US,6230,2024-06,5074.96,USD
MI-US,ENG-US,6230,2024-07,4660.63,USD
MI-US,ENG-US,6230,2024-08,4385.07,USD
MI-US,ENG-US,6230,2024-09,4290.93,USD
MI-US,ENG-US,6230,2024-10,4230.96,USD
MI-US,ENG-US,6230,2024-11,4346.17,USD
MI-US,ENG-US,6230,2024-12,4381.77,USD
MI-US,ENG-US,6240,2024-01,1137.98,USD
MI-US,ENG-US,6240,2024-02,1197.04,USD
MI-US,ENG-US,6240,2024-03,1238.05,USD
MI-US,ENG-US,6240,2024-04,1282.16,USD
MI-US,ENG-US,6240,2024-05,1238.09,USD
MI-US,ENG-US,6240,2024-06,1181.41,USD
MI-US,ENG-US,6240,2024-07,1132.63,USD
MI-US,ENG-US,6240,2024-08,1066.11,USD
MI-US,ENG-US,6240,2024-09,1037.32,USD
MI-US,ENG-US,6240,2024-10,1034.82,USD
MI-US,ENG-US,6240,2024-11,1036.23,USD
MI-US,ENG-US,6240,2024-12,1087.47,USD
MI-US,ENG-US,6310,2024-01,22926.38,USD
MI-US,ENG-US,6310,2024-02,23957.73,USD
MI-US,ENG-US,6310,2024-03,24334.69,USD
MI-US,ENG-US,6310,2024-04,24635.34,USD
MI-US,ENG-US,6310,2024-05,24685.58,USD
MI-US,ENG-US,6310,2024-06,23638.19,USD
MI-US,ENG-US,6310,2024-07,22454.28,USD
MI-US,ENG-US,6310,2024-08,21641.84,USD
MI-US,ENG-US,6310,2024-09,20528.11,USD
MI-US,ENG-US,6310,2024-10,20077.66,USD
MI-US,ENG-US,6310,2024-11,20569.87,USD
MI-US,ENG-US,6310,2024-12,21053.58,USD
MI-US,ENG-US,6320,2024-01,4240.2,USD
MI-US,ENG-US,6320,2024-02,4409.5,USD
MI-US,ENG-US,6320,2024-03,4619.2,USD
MI-US,ENG-US,6320,2024-04,4727.4,USD
MI-US,ENG-US,6320,2024-05,4581.98,USD
MI-US,ENG-US,6320,2024-06,4459.29,USD
MI-US,ENG-US,6320,2024-07,4234.1,USD
MI-US,ENG-US,6320,2024-08,4016.48,USD
MI-US,ENG-US,6320,2024-09,3897.13,USD
MI-US,ENG-US,6320,2024-10,3897.72,USD
MI-US,ENG-US,6320,2024-11,3838.9,USD
MI-US,ENG-US,6320,2024-12,4037.13,USD
MI-US,ENG-US,6330,2024-01,3246.0,USD
MI-US,ENG-US,6330,2024-02,3408.11,USD
MI-US,ENG-US,6330,2024-03,3540.56,USD
MI-US,ENG-US,6330,2024-04,3489.41,USD
MI-US,ENG-US,6330,2024-05,3561.49,USD
MI-US,ENG-US,6330,2024-06,3377.99,USD
MI-US,ENG-US,6330,2024-07,3209.13,USD
MI-US,ENG-US,6330,2024-08,3009.19,USD
MI-US,ENG-US,6330,2024-09,2942.95,USD
MI-US,ENG-US,6330,2024-10,2876.73,USD
MI-US,ENG-US,6330,2024-11,3006.13,USD
MI-US,ENG-US,6330,2024-12,3077.64,USD
MI-US,ENG-US,6430,2024-01,26252.39,USD
MI-US,ENG-US,6430,2024-02,27605.01,USD
MI-US,ENG-US,6430,2024-03,28337.21,USD
MI-US,ENG-US,6430,2024-04,28223.08,USD
MI-US,ENG-US,6430,2024-05,28393.75,USD
MI-US,ENG-US,6430,2024-06,27105.34,USD
MI-US,ENG-US,6430,2024-07,26112.94,USD
MI-US,ENG-US,6430,2024-08,24605.65,USD
MI-US,ENG-US,6430,2024-09,23822.85,USD
MI-US,ENG-US,6430,2024-10,23745.55,USD
MI-US,ENG-US,6430,2024-11,23798.67,USD
MI-US,ENG-US,6430,2024-12,24871.3,USD
MI-US,ENG-US,6510,2024-01,22466.07,USD
MI-US,ENG-US,6510,2024-02,23301.7,USD
MI-US,ENG-US,6510,2024-03,25508.13,USD
MI-US,ENG-US,6510,2024-04,24593.96,USD
MI-US,ENG-US,6510,2024-05,24335.55,USD
MI-US,ENG-US,6510,2024-06,23214.31,USD
MI-US,ENG-US,6510,2024-07,22720.58,USD
MI-US,ENG-US,6510,2024-08,21327.94,USD
MI-US,ENG-US,6510,2024-09,20677.81,USD
MI-US,ENG-US,6510,2024-10,20266.73,USD
MI-US,ENG-US,6510,2024-11,20519.81,USD
MI-US,ENG-US,6510,2024-12,21549.25,USD
MI-US,ENG-US,6520,2024-01,16380.04,USD
MI-US,ENG-US,6520,2024-02,17446.46,USD
MI-US,ENG-US,6520,2024-03,17422.16,USD
MI-US,ENG-US,6520,2024-04,17885.54,USD
MI-US,ENG-US,6520,2024-05,18031.23,USD
MI-US,ENG-US,6520,2024-06,17263.3,USD
MI-US,ENG-US,6520,2024-07,16372.49,USD
MI-US,ENG-US,6520,2024-08,15700.86,USD
MI-US,ENG-US,6520,2024-09,15153.77,USD
MI-US,ENG-US,6520,2024-10,14983.03,USD
MI-US,ENG-US,6520,2024-11,14730.53,USD
MI-US,ENG-US,6520,2024-12,15341.31,USD
MI-US,ENG-US,6530,2024-01,31479.2,USD
MI-US,ENG-US,6530,2024-02,33484.09,USD
MI-US,ENG-US,6530,2024-03,34775.36,USD
MI-US,ENG-US,6530,2024-04,34291.47,USD
MI-US,ENG-US,6530,2024-05,34649.97,USD
MI-US,ENG-US,6530,2024-06,33507.49,USD
MI-US,ENG-US,6530,2024-07,31805.25,USD
MI-US,ENG-US,6530,2024-08,29827.5,USD
MI-US,ENG-US,6530,2024-09,28938.31,USD
MI-US,ENG-US,6530,2024-10,28120.8,USD
MI-US,ENG-US,6530,2024-11,28929.62,USD
MI-US,ENG-US,6530,2024-12,30266.36,USD
MI-US,ENG-US,6830,2024-01,2131.69,USD
MI-US,ENG-US,6830,2024-02,2205.2,USD
MI-US,ENG-US,6830,2024-03,2338.6,USD
MI-US,ENG-US,6830,2024-04,2325.66,USD
MI-US,ENG-US,6830,2024-05,2336.85,USD
MI-US,ENG-US,6830,2024-06,2251.54,USD
MI-US,ENG-US,6830,2024-07,2151.49,USD
MI-US,ENG-US,6830,2024-08,2060.31,USD
MI-US,ENG-US,6830,2024-09,1919.75,USD
MI-US,ENG-US,6830,2024-10,1920.99,USD
MI-US,ENG-US,6830,2024-11,1928.76,USD
MI-US,ENG-US,6830,2024-12,2018.58,USD
MI-US,MKT-US,6110,2024-01,75215.08,USD
MI-US,MKT-US,6110,2024-02,79999.11,USD
MI-US,MKT-US,6110,2024-03,81500.5,USD
MI-US,MKT-US,6110,2024-04,81951.64,USD
MI-US,MKT-US,6110,2024-05,80178.73,USD
MI-US,MKT-US,6110,2024-06,78724.81,USD
MI-US,MKT-US,6110,2024-07,76218.05,USD
MI-US,MKT-US,6110,2024-08,71306.56,USD
MI-US,MKT-US,6110,2024-09,69244.83,USD
MI-US,MKT-US,6110,2024-10,67368.25,USD
MI-US,MKT-US,6110,2024-11,67573.33,USD
MI-US,MKT-US,6110,2024-12,71708.52,USD
MI-US,MKT-US,6120,2024-01,16271.19,USD
MI-US,MKT-US,6120,2024-02,17083.29,USD
MI-US,MKT-US,6120,2024-03,17873.8,USD
MI-US,MKT-US,6120,2024-04,18183.13,USD
MI-US,MKT-US,6120,2024-05,17919.53,USD
MI-US,MKT-US,6120,2024-06,16984.62,USD
MI-US,MKT-US,6120,2024-07,16389.62,USD
MI-US,MKT-US,6120,2024-08,15813.51,USD
MI-US,MKT-US,6120,2024-09,15013.32,USD
MI-US,MKT-US,6120,2024-10,14745.7,USD
MI-US,MKT-US,6120,2024-11,14863.97,USD
MI-US,MKT-US,6120,2024-12,15696.09,USD
MI-US,MKT-US,6130,2024-01,12590.31,USD
MI-US,MKT-US,6130,2024-02,12969.97,USD
MI-US,MKT-US,6130,2024-03,13741.55,USD
MI-US,MKT-US,6130,2024-04,13901.75,USD
MI-US,MKT-US,6130,2024-05,13871.13,USD
MI-US,MKT-US,6130,2024-06,13263.07,USD
MI-US,MKT-US,6130,2024-07,12707.25,USD
MI-US,MKT-US,6130,2024-08,11711.7,USD
MI-US,MKT-US,6130,2024-09,11389.82,USD
MI-US,MKT-US,6130,2024-10,11447.48,USD
MI-US,MKT-US,6130,2024-11,11635.25,USD
MI-US,MKT-US,6130,2024-12,11964.45,USD
MI-US,MKT-US,6210,2024-01,4516.43,USD
MI-US,MKT-US,6210,2024-02,4621.59,USD
MI-US,MKT-US,6210,2024-03,4896.64,USD
MI-US,MKT-US,6210,2024-04,4909.52,USD
MI-US,MKT-US,6210,2024-05,4877.79,USD
MI-US,MKT-US,6210,2024-06,4607.81,USD
MI-US,MKT-US,6210,2024-07,4344.91,USD
MI-US,MKT-US,6210,2024-08,4191.29,USD
MI-US,MKT-US,6210,2024-09,4094.2,USD
MI-US,MKT-US,6210,2024-10,3944.03,USD
MI-US,MKT-US,6210,2024-11,4038.65,USD
MI-US,MKT-US,6210,2024-12,4258.02,USD
MI-US,MKT-US,6220,2024-01,2010.61,USD
MI-US,MKT-US,6220,2024-02,2141.97,USD
MI-US,MKT-US,6220,2024-03,2136.25,USD
MI-US,MKT-US,6220,2024-04,2207.12,USD
MI-US,MKT-US,6220,2024-05,2155.79,USD
MI-US,MKT-US,6220,2024-06,2124.62,USD
MI-US,MKT-US,6220,2024-07,2019.11,USD
MI-US,MKT-US,6220,2024-08,1906.42,USD
MI-US,MKT-US,6220,2024-09,1835.13,USD
MI-US,MKT-US,6220,2024-10,1786.45,USD
MI-US,MKT-US,6220,2024-11,1823.04,USD
MI-US,MKT-US,6220,2024-12,1927.86,USD
MI-US,MKT-US,6230,2024-01,9618.71,USD
MI-US,MKT-US,6230,2024-02,10089.05,USD
MI-US,MKT-US,6230,2024-03,10322.16,USD
MI-US,MKT-US,6230,2024-04,10471.54,USD
MI-US,MKT-US,6230,2024-05,10468.43,USD
MI-US,MKT-US,6230,2024-06,10007.03,USD
MI-US,MKT-US,6230,2024-07,9736.23,USD
MI-US,MKT-US,6230,2024-08,9004.4,USD
MI-US,MKT-US,6230,2024-09,8820.53,USD
MI-US,MKT-US,6230,2024-10,8763.24,USD
MI-US,MKT-US,6230,2024-11,8833.77,USD
MI-US,MKT-US,6230,2024-12,9140.44,USD
MI-US,MKT-US,6240,2024-01,933.66,USD
MI-US,MKT-US,6240,2024-02,983.51,USD
MI-US,MKT-US,6240,2024-03,1044.47,USD
MI-US,MKT-US,6240,2024-04,1040.15,USD
MI-US,MKT-US,6240,2024-05,1031.27,USD
MI-US,MKT-US,6240,2024-06,998.04,USD
MI-US,MKT-US,6240,2024-07,956.57,USD
MI-US,MKT-US,6240,2024-08,880.31,USD
MI-US,MKT-US,6240,2024-09,870.43,USD
MI-US,MKT-US,6240,2024-10,842.22,USD
MI-US,MKT-US,6240,2024-11,885.51,USD
MI-US,MKT-US,6240,2024-12,902.05,USD
MI-US,MKT-US,6510,2024-01,9668.28,USD
MI-US,MKT-US,6510,2024-02,10298.67,USD
MI-US,MKT-US,6510,2024-03,10432.03,USD
MI-US,MKT-US,6510,2024-04,10693.45,USD
MI-US,MKT-US,6510,2024-05,10632.72,USD
MI-US,MKT-US,6510,2024-06,10124.79,USD
MI-US,MKT-US,6510,2024-07,9734.81,USD
MI-US,MKT-US,6510,2024-08,8979.29,USD
MI-US,MKT-US,6510,2024-09,9098.71,USD
MI-US,MKT-US,6510,2024-10,8609.77,USD
MI-US,MKT-US,6510,2024-11,8782.92,USD
MI-US,MKT-US,6510,2024-12,9229.39,USD
MI-US,MKT-US,6520,2024-01,3085.64,USD
MI-US,MKT-US,6520,2024-02,3182.29,USD
MI-US,MKT-US,6520,2024-03,3350.17,USD
MI-US,MKT-US,6520,2024-04,3321.97,USD
MI-US,MKT-US,6520,2024-05,3328.27,USD
MI-US,MKT-US,6520,2024-06,3171.03,USD
MI-US,MKT-US,6520,2024-07,3070.76,USD
MI-US,MKT-US,6520,2024-08,2887.4,USD
MI-US,MKT-US,6520,2024-09,2761.0,USD
MI-US,MKT-US,6520,2024-10,2730.46,USD
MI-US,MKT-US,6520,2024-11,2787.04,USD
MI-US,MKT-US,6520,2024-12,2880.53,USD
MI-US,MKT-US,6710,2024-01,86483.17,USD
MI-US,MKT-US,6710,2024-02,91288.84,USD
MI-US,MKT-US,6710,2024-03,94267.59,USD
MI-US,MKT-US,6710,2024-04,95984.64,USD
MI-US,MKT-US,6710,2024-05,92606.6,USD
MI-US,MKT-US,6710,2024-06,89739.15,USD
MI-US,MKT-US,6710,2024-07,86018.89,USD
MI-US,MKT-US,6710,2024-08,81065.99,USD
MI-US,MKT-US,6710,2024-09,80030.81,USD
MI-US,MKT-US,6710,2024-10,79004.15,USD
MI-US,MKT-US,6710,2024-11,79704.2,USD
MI-US,MKT-US,6710,2024-12,82351.72,USD
MI-US,MKT-US,6720,2024-01,46601.34,USD
MI-US,MKT-US,6720,2024-02,48615.4,USD
MI-US,MKT-US,6720,2024-03,51688.61,USD
MI-US,MKT-US,6720,2024-04,51013.78,USD
MI-US,MKT-US,6720,2024-05,50984.92,USD
MI-US,MKT-US,6720,2024-06,49619.4,USD
MI-US,MKT-US,6720,2024-07,48806.55,USD
MI-US,MKT-US,6720,2024-08,44320.06,USD
MI-US,MKT-US,6720,2024-09,42728.24,USD
MI-US,MKT-US,6720,2024-10,41827.61,USD
MI-US,MKT-US,6720,2024-11,44133.87,USD
MI-US,MKT-US,6720,2024-12,44381.61,USD
MI-US,MKT-US,6830,2024-01,2605.57,USD
MI-US,MKT-US,6830,2024-02,2725.93,USD
MI-US,MKT-US,6830,2024-03,2790.14,USD
MI-US,MKT-US,6830,2024-04,2878.05,USD
MI-US,MKT-US,6830,2024-05,2813.21,USD
MI-US,MKT-US,6830,2024-06,2738.43,USD
MI-US,MKT-US,6830,2024-07,2630.3,USD
MI-US,MKT-US,6830,2024-08,2482.65,USD
MI-US,MKT-US,6830,2024-09,2422.26,USD
MI-US,MKT-US,6830,2024-10,2277.62,USD
MI-US,MKT-US,6830,2024-11,2350.47,USD
MI-US,MKT-US,6830,2024-12,2432.8,USD
MI-US,OPS-AMER,6110,2024-01,100627.9,USD
MI-US,OPS-AMER,6110,2024-02,102562.36,USD
MI-US,OPS-AMER,6110,2024-03,107784.84,USD
MI-US,OPS-AMER,6110,2024-04,108809.28,USD
MI-US,OPS-AMER,6110,2024-05,107668.07,USD
MI-US,OPS-AMER,6110,2024-06,106957.05,USD
MI-US,OPS-AMER,6110,2024-07,97980.67,USD
MI-US,OPS-AMER,6110,2024-08,94870.85,USD
MI-US,OPS-AMER,6110,2024-09,92165.81,USD
MI-US,OPS-AMER,6110,2024-10,87378.93,USD
MI-US,OPS-AMER,6110,2024-11,90509.71,USD
MI-US,OPS-AMER,6110,2024-12,92700.2,USD
MI-US,OPS-AMER,6120,2024-01,20375.82,USD
MI-US,OPS-AMER,6120,2024-02,21754.78,USD
MI-US,OPS-AMER,6120,2024-03,22247.17,USD
MI-US,OPS-AMER,6120,2024-04,22516.3,USD
MI-US,OPS-AMER,6120,2024-05,22535.5,USD
MI-US,OPS-AMER,6120,2024-06,21684.62,USD
MI-US,OPS-AMER,6120,2024-07,20041.87,USD
MI-US,OPS-AMER,6120,2024-08,19317.84,USD
MI-US,OPS-AMER,6120,2024-09,19139.29,USD
MI-US,OPS-AMER,6120,2024-10,18539.21,USD
MI-US,OPS-AMER,6120,2024-11,19219.56,USD
MI-US,OPS-AMER,6120,2024-12,19116.66,USD
MI-US,OPS-AMER,6130,2024-01,13615.13,USD
MI-US,OPS-AMER,6130,2024-02,14532.04,USD
MI-US,OPS-AMER,6130,2024-03,14917.5,USD
MI-US,OPS-AMER,6130,2024-04,15402.29,USD
MI-US,OPS-AMER,6130,2024-05,14706.43,USD
MI-US,OPS-AMER,6130,2024-06,14425.46,USD
MI-US,OPS-AMER,6130,2024-07,14162.91,USD
MI-US,OPS-AMER,6130,2024-08,12836.0,USD
MI-US,OPS-AMER,6130,2024-09,12351.41,USD
MI-US,OPS-AMER,6130,2024-10,12435.61,USD
MI-US,OPS-AMER,6130,2024-11,12645.17,USD
MI-US,OPS-AMER,6130,2024-12,13089.82,USD
MI-US,OPS-AMER,6210,2024-01,2087.05,USD
MI-US,OPS-AMER,6210,2024-02,2197.82,USD
MI-US,OPS-AMER,6210,2024-03,2272.16,USD
MI-US,OPS-AMER,6210,2024-04,2319.54,USD
MI-US,OPS-AMER,6210,2024-05,2243.0,USD
MI-US,OPS-AMER,6210,2024-06,2198.78,USD
MI-US,OPS-AMER,6210,2024-07,2115.64,USD
MI-US,OPS-AMER,6210,2024-08,1964.5,USD
MI-US,OPS-AMER,6210,2024-09,1929.73,USD
MI-US,OPS-AMER,6210,2024-10,1871.79,USD
MI-US,OPS-AMER,6210,2024-11,1897.22,USD
MI-US,OPS-AMER,6210,2024-12,1976.09,USD
MI-US,OPS-AMER,6220,2024-01,762.19,USD
MI-US,OPS-AMER,6220,2024-02,778.78,USD
MI-US,OPS-AMER,6220,2024-03,820.99,USD
MI-US,OPS-AMER,6220,2024-04,805.86,USD
MI-US,OPS-AMER,6220,2024-05,788.89,USD
MI-US,OPS-AMER,6220,2024-06,806.86,USD
MI-US,OPS-AMER,6220,2024-07,741.33,USD
MI-US,OPS-AMER,6220,2024-08,711.27,USD
MI-US,OPS-AMER,6220,2024-09,678.93,USD
MI-US,OPS-AMER,6220,2024-10,674.56,USD
MI-US,OPS-AMER,6220,2024-11,688.22,USD
MI-US,OPS-AMER,6220,2024-12,702.46,USD
MI-US,OPS-AMER,6230,2024-01,1675.54,USD
MI-US,OPS-AMER,6230,2024-02,1770.67,USD
MI-US,OPS-AMER,6230,2024-03,1835.84,USD
MI-US,OPS-AMER,6230,2024-04,1861.53,USD
MI-US,OPS-AMER,6230,2024-05,1829.03,USD
MI-US,OPS-AMER,6230,2024-06,1782.07,USD
MI-US,OPS-AMER,6230,2024-07,1671.46,USD
MI-US,OPS-AMER,6230,2024-08,1582.27,USD
MI-US,OPS-AMER,6230,2024-09,1536.05,USD
MI-US,OPS-AMER,6230,2024-10,1523.15,USD
MI-US,OPS-AMER,6230,2024-11,1518.28,USD
MI-US,OPS-AMER,6230,2024-12,1590.58,USD
MI-US,OPS-AMER,6240,2024-01,325.46,USD
MI-US,OPS-AMER,6240,2024-02,333.88,USD
MI-US,OPS-AMER,6240,2024-03,352.58,USD
MI-US,OPS-AMER,6240,2024-04,364.71,USD
MI-US,OPS-AMER,6240,2024-05,360.26,USD
MI-US,OPS-AMER,6240,2024-06,346.11,USD
MI-US,OPS-AMER,6240,2024-07,332.01,USD
MI-US,OPS-AMER,6240,2024-08,312.29,USD
MI-US,OPS-AMER,6240,2024-09,304.87,USD
MI-US,OPS-AMER,6240,2024-10,295.73,USD
MI-US,OPS-AMER,6240,2024-11,302.85,USD
MI-US,OPS-AMER,6240,2024-12,314.39,USD
MI-US,OPS-AMER,6310,2024-01,29686.91,USD
MI-US,OPS-AMER,6310,2024-02,30901.35,USD
MI-US,OPS-AMER,6310,2024-03,31544.86,USD
MI-US,OPS-AMER,6310,2024-04,31850.41,USD
MI-US,OPS-AMER,6310,2024-05,32440.35,USD
MI-US,OPS-AMER,6310,2024-06,30865.11,USD
MI-US,OPS-AMER,6310,2024-07,28808.42,USD
MI-US,OPS-AMER,6310,2024-08,27685.44,USD
MI-US,OPS-AMER,6310,2024-09,26956.09,USD
MI-US,OPS-AMER,6310,2024-10,26513.48,USD
MI-US,OPS-AMER,6310,2024-11,26611.22,USD
MI-US,OPS-AMER,6310,2024-12,27191.51,USD
MI-US,OPS-AMER,6320,2024-01,7055.06,USD
MI-US,OPS-AMER,6320,2024-02,7434.02,USD
MI-US,OPS-AMER,6320,2024-03,7664.6,USD
MI-US,OPS-AMER,6320,2024-04,7616.64,USD
MI-US,OPS-AMER,6320,2024-05,7634.23,USD
MI-US,OPS-AMER,6320,2024-06,7336.09,USD
MI-US,OPS-AMER,6320,2024-07,7002.74,USD
MI-US,OPS-AMER,6320,2024-08,6776.22,USD
MI-US,OPS-AMER,6320,2024-09,6341.0,USD
MI-US,OPS-AMER,6320,2024-10,6404.99,USD
MI-US,OPS-AMER,6320,2024-11,6327.61,USD
MI-US,OPS-AMER,6320,2024-12,6693.93,USD
MI-US,OPS-AMER,6330,2024-01,9265.59,USD
MI-US,OPS-AMER,6330,2024-02,9546.15,USD
MI-US,OPS-AMER,6330,2024-03,9974.87,USD
MI-US,OPS-AMER,6330,2024-04,10296.89,USD
MI-US,OPS-AMER,6330,2024-05,9769.24,USD
MI-US,OPS-AMER,6330,2024-06,9739.56,USD
MI-US,OPS-AMER,6330,2024-07,9295.0,USD
MI-US,OPS-AMER,6330,2024-08,8777.1,USD
MI-US,OPS-AMER,6330,2024-09,8493.98,USD
MI-US,OPS-AMER,6330,2024-10,8364.64,USD
MI-US,OPS-AMER,6330,2024-11,8488.24,USD
MI-US,OPS-AMER,6330,2024-12,8800.89,USD
MI-US,OPS-AMER,6430,2024-01,4334.23,USD
MI-US,OPS-AMER,6430,2024-02,4613.71,USD
MI-US,OPS-AMER,6430,2024-03,4797.73,USD
MI-US,OPS-AMER,6430,2024-04,4703.1,USD
MI-US,OPS-AMER,6430,2024-05,4717.05,USD
MI-US,OPS-AMER,6430,2024-06,4481.56,USD
MI-US,OPS-AMER,6430,2024-07,4282.8,USD
MI-US,OPS-AMER,6430,2024-08,4142.7,USD
MI-US,OPS-AMER,6430,2024-09,3949.99,USD
MI-US,OPS-AMER,6430,2024-10,3936.12,USD
MI-US,OPS-AMER,6430,2024-11,3928.14,USD
MI-US,OPS-AMER,6430,2024-12,4132.83,USD
MI-US,OPS-AMER,6510,2024-01,2841.7,USD
MI-US,OPS-AMER,6510,2024-02,2989.47,USD
MI-US,OPS-AMER,6510,2024-03,3105.76,USD
MI-US,OPS-AMER,6510,2024-04,3208.26,USD
MI-US,OPS-AMER,6510,2024-05,3131.16,USD
MI-US,OPS-AMER,6510,2024-06,3012.29,USD
MI-US,OPS-AMER,6510,2024-07,2847.85,USD
MI-US,OPS-AMER,6510,2024-08,2738.59,USD
MI-US,OPS-AMER,6510,2024-09,2689.62,USD
MI-US,OPS-AMER,6510,2024-10,2647.27,USD
MI-US,OPS-AMER,6510,2024-11,2600.91,USD
MI-US,OPS-AMER,6510,2024-12,2754.38,USD
MI-US,OPS-AMER,6520,2024-01,3703.61,USD
MI-US,OPS-AMER,6520,2024-02,3761.56,USD
MI-US,OPS-AMER,6520,2024-03,4019.47,USD
MI-US,OPS-AMER,6520,2024-04,4017.44,USD
MI-US,OPS-AMER,6520,2024-05,3969.94,USD
MI-US,OPS-AMER,6520,2024-06,3793.2,USD
MI-US,OPS-AMER,6520,2024-07,3569.47,USD
MI-US,OPS-AMER,6520,2024-08,3429.74,USD
MI-US,OPS-AMER,6520,2024-09,3315.78,USD
MI-US,OPS-AMER,6520,2024-10,3302.96,USD
MI-US,OPS-AMER,6520,2024-11,3319.47,USD
MI-US,OPS-AMER,6520,2024-12,3419.99,USD
MI-US,OPS-AMER,6530,2024-01,1976.81,USD
MI-US,OPS-AMER,6530,2024-02,2075.27,USD
MI-US,OPS-AMER,6530,2024-03,2141.58,USD
MI-US,OPS-AMER,6530,2024-04,2120.79,USD
MI-US,OPS-AMER,6530,2024-05,2102.85,USD
MI-US,OPS-AMER,6530,2024-06,2029.81,USD
MI-US,OPS-AMER,6530,2024-07,1953.96,USD
MI-US,OPS-AMER,6530,2024-08,1861.17,USD
MI-US,OPS-AMER,6530,2024-09,1801.35,USD
MI-US,OPS-AMER,6530,2024-10,1760.31,USD
MI-US,OPS-AMER,6530,2024-11,1818.51,USD
MI-US,OPS-AMER,6530,2024-12,1876.82,USD
MI-US,OPS-AMER,6610,2024-01,35805.19,USD
MI-US,OPS-AMER,6610,2024-02,36926.45,USD
MI-US,OPS-AMER,6610,2024-03,37334.69,USD
MI-US,OPS-AMER,6610,2024-04,38859.55,USD
MI-US,OPS-AMER,6610,2024-05,38833.49,USD
MI-US,OPS-AMER,6610,2024-06,37407.29,USD
MI-US,OPS-AMER,6610,2024-07,35486.68,USD
MI-US,OPS-AMER,6610,2024-08,34160.46,USD
MI-US,OPS-AMER,6610,2024-09,32121.47,USD
MI-US,OPS-AMER,6610,2024-10,32431.54,USD
MI-US,OPS-AMER,6610,2024-11,32162.06,USD
MI-US,OPS-AMER,6610,2024-12,33748.23,USD
MI-US,OPS-AMER,6620,2024-01,47506.79,USD
MI-US,OPS-AMER,6620,2024-02,50119.27,USD
MI-US,OPS-AMER,6620,2024-03,51833.44,USD
MI-US,OPS-AMER,6620,2024-04,52762.29,USD
MI-US,OPS-AMER,6620,2024-05,52587.1,USD
MI-US,OPS-AMER,6620,2024-06,49308.32,USD
MI-US,OPS-AMER,6620,2024-07,47516.63,USD
MI-US,OPS-AMER,6620,2024-08,45655.93,USD
MI-US,OPS-AMER,6620,2024-09,42507.12,USD
MI-US,OPS-AMER,6620,2024-10,42099.82,USD
MI-US,OPS-AMER,6620,2024-11,43928.47,USD
MI-US,OPS-AMER,6620,2024-12,44768.52,USD
MI-US,OPS-AMER,6630,2024-01,5197.81,USD
MI-US,OPS-AMER,6630,2024-02,5511.65,USD
MI-US,OPS-AMER,6630,2024-03,5579.58,USD
MI-US,OPS-AMER,6630,2024-04,5793.71,USD
MI-US,OPS-AMER,6630,2024-05,5632.31,USD
MI-US,OPS-AMER,6630,2024-06,5517.65,USD
MI-US,OPS-AMER,6630,2024-07,5117.63,USD
MI-US,OPS-AMER,6630,2024-08,4975.66,USD
MI-US,OPS-AMER,6630,2024-09,4752.82,USD
MI-US,OPS-AMER,6630,2024-10,4721.88,USD
MI-US,OPS-AMER,6630,2024-11,4881.6,USD
MI-US,OPS-AMER,6630,2024-12,4974.99,USD
MI-US,OPS-AMER,6810,2024-01,3779.47,USD
MI-US,OPS-AMER,6810,2024-02,4029.88,USD
MI-US,OPS-AMER,6810,2024-03,4143.63,USD
MI-US,OPS-AMER,6810,2024-04,4099.53,USD
MI-US,OPS-AMER,6810,2024-05,4085.48,USD
MI-US,OPS-AMER,6810,2024-06,3992.23,USD
MI-US,OPS-AMER,6810,2024-07,3758.24,USD
MI-US,OPS-AMER,6810,2024-08,3695.31,USD
MI-US,OPS-AMER,6810,2024-09,3462.81,USD
MI-US,OPS-AMER,6810,2024-10,3423.78,USD
MI-US,OPS-AMER,6810,2024-11,3435.73,USD
MI-US,OPS-AMER,6810,2024-12,3638.79,USD
MI-US,OPS-AMER,6830,2024-01,1345.68,USD
MI-US,OPS-AMER,6830,2024-02,1406.0,USD
MI-US,OPS-AMER,6830,2024-03,1476.59,USD
MI-US,OPS-AMER,6830,2024-04,1503.33,USD
MI-US,OPS-AMER,6830,2024-05,1475.04,USD
MI-US,OPS-AMER,6830,2024-06,1407.46,USD
MI-US,OPS-AMER,6830,2024-07,1346.78,USD
MI-US,OPS-AMER,6830,2024-08,1273.89,USD
MI-US,OPS-AMER,6830,2024-09,1240.5,USD
MI-US,OPS-AMER,6830,2024-10,1204.29,USD
MI-US,OPS-AMER,6830,2024-11,1225.39,USD
MI-US,OPS-AMER,6830,2024-12,1268.83,USD
MI-US,OPS-AMER,6110,2024-01,111390.59,USD
MI-US,OPS-AMER,6110,2024-02,115659.47,USD
MI-US,OPS-AMER,6110,2024-03,120696.7,USD
MI-US,OPS-AMER,6110,2024-04,124875.77,USD
MI-US,OPS-AMER,6110,2024-05,121662.12,USD
MI-US,OPS-AMER,6110,2024-06,118231.86,USD
MI-US,OPS-AMER,6110,2024-07,113842.25,USD
MI-US,OPS-AMER,6110,2024-08,103238.09,USD
MI-US,OPS-AMER,6110,2024-09,104049.85,USD
MI-US,OPS-AMER,6110,2024-10,100412.73,USD
MI-US,OPS-AMER,6110,2024-11,103287.04,USD
MI-US,OPS-AMER,6110,2024-12,105974.51,USD
MI-US,OPS-AMER,6120,2024-01,23575.34,USD
MI-US,OPS-AMER,6120,2024-02,24576.61,USD
MI-US,OPS-AMER,6120,2024-03,25223.42,USD
MI-US,OPS-AMER,6120,2024-04,26218.92,USD
MI-US,OPS-AMER,6120,2024-05,25653.96,USD
MI-US,OPS-AMER,6120,2024-06,24804.05,USD
MI-US,OPS-AMER,6120,2024-07,23879.78,USD
MI-US,OPS-AMER,6120,2024-08,22606.78,USD
MI-US,OPS-AMER,6120,2024-09,21466.66,USD
MI-US,OPS-AMER,6120,2024-10,21120.65,USD
MI-US,OPS-AMER,6120,2024-11,21785.18,USD
MI-US,OPS-AMER,6120,2024-12,22671.03,USD
MI-US,OPS-AMER,6130,2024-01,15366.66,USD
MI-US,OPS-AMER,6130,2024-02,15815.31,USD
MI-US,OPS-AMER,6130,2024-03,16577.71,USD
MI-US,OPS-AMER,6130,2024-04,16765.26,USD
MI-US,OPS-AMER,6130,2024-05,16757.63,USD
MI-US,OPS-AMER,6130,2024-06,15800.43,USD
MI-US,OPS-AMER,6130,2024-07,15227.23,USD
MI-US,OPS-AMER,6130,2024-08,14346.48,USD
MI-US,OPS-AMER,6130,2024-09,13920.81,USD
MI-US,OPS-AMER,6130,2024-10,13842.37,USD
MI-US,OPS-AMER,6130,2024-11,13863.47,USD
MI-US,OPS-AMER,6130,2024-12,14404.54,USD
MI-US,OPS-AMER,6210,2024-01,1652.18,USD
MI-US,OPS-AMER,6210,2024-02,1702.84,USD
MI-US,OPS-AMER,6210,2024-03,1781.52,USD
MI-US,OPS-AMER,6210,2024-04,1771.14,USD
MI-US,OPS-AMER,6210,2024-05,1764.89,USD
MI-US,OPS-AMER,6210,2024-06,1754.64,USD
MI-US,OPS-AMER,6210,2024-07,1638.85,USD
MI-US,OPS-AMER,6210,2024-08,1571.01,USD
MI-US,OPS-AMER,6210,2024-09,1457.03,USD
MI-US,OPS-AMER,6210,2024-10,1446.31,USD
MI-US,OPS-AMER,6210,2024-11,1503.65,USD
MI-US,OPS-AMER,6210,2024-12,1515.34,USD
MI-US,OPS-AMER,6220,2024-01,865.0,USD
MI-US,OPS-AMER,6220,2024-02,906.37,USD
MI-US,OPS-AMER,6220,2024-03,952.71,USD
MI-US,OPS-AMER,6220,2024-04,928.0,USD
MI-US,OPS-AMER,6220,2024-05,935.85,USD
MI-US,OPS-AMER,6220,2024-06,904.51,USD
MI-US,OPS-AMER,6220,2024-07,844.16,USD
MI-US,OPS-AMER,6220,2024-08,822.08,USD
MI-US,OPS-AMER,6220,2024-09,798.61,USD
MI-US,OPS-AMER,6220,2024-10,771.84,USD
MI-US,OPS-AMER,6220,2024-11,791.21,USD
MI-US,OPS-AMER,6220,2024-12,808.71,USD
MI-US,OPS-AMER,6230,2024-01,2809.06,USD
MI-US,OPS-AMER,6230,2024-02,2970.0,USD
MI-US,OPS-AMER,6230,2024-03,3016.1,USD
MI-US,OPS-AMER,6230,2024-04,3097.33,USD
MI-US,OPS-AMER,6230,2024-05,3026.29,USD
MI-US,OPS-AMER,6230,2024-06,2985.8,USD
MI-US,OPS-AMER,6230,2024-07,2834.82,USD
MI-US,OPS-AMER,6230,2024-08,2631.27,USD
MI-US,OPS-AMER,6230,2024-09,2557.0,USD
MI-US,OPS-AMER,6230,2024-10,2571.82,USD
MI-US,OPS-AMER,6230,2024-11,2578.67,USD
MI-US,OPS-AMER,6230,2024-12,2717.87,USD
MI-US,OPS-AMER,6240,2024-01,358.09,USD
MI-US,OPS-AMER,6240,2024-02,374.69,USD
MI-US,OPS-AMER,6240,2024-03,384.02,USD
MI-US,OPS-AMER,6240,2024-04,392.39,USD
MI-US,OPS-AMER,6240,2024-05,387.52,USD
MI-US,OPS-AMER,6240,2024-06,375.17,USD
MI-US,OPS-AMER,6240,2024-07,354.26,USD
MI-US,OPS-AMER,6240,2024-08,337.01,USD
MI-US,OPS-AMER,6240,2024-09,322.99,USD
MI-US,OPS-AMER,6240,2024-10,320.69,USD
MI-US,OPS-AMER,6240,2024-11,318.25,USD
MI-US,OPS-AMER,6240,2024-12,330.29,USD
MI-US,OPS-AMER,6310,2024-01,33992.0,USD
MI-US,OPS-AMER,6310,2024-02,36410.56,USD
MI-US,OPS-AMER,6310,2024-03,37909.12,USD
MI-US,OPS-AMER,6310,2024-04,38296.93,USD
MI-US,OPS-AMER,6310,2024-05,37279.09,USD
MI-US,OPS-AMER,6310,2024-06,35939.49,USD
MI-US,OPS-AMER,6310,2024-07,34189.41,USD
MI-US,OPS-AMER,6310,2024-08,31887.45,USD
MI-US,OPS-AMER,6310,2024-09,32207.56,USD
MI-US,OPS-AMER,6310,2024-10,31069.92,USD
MI-US,OPS-AMER,6310,2024-11,31920.01,USD
MI-US,OPS-AMER,6310,2024-12,33246.23,USD
MI-US,OPS-AMER,6320,2024-01,7704.33,USD
MI-US,OPS-AMER,6320,2024-02,8023.88,USD
MI-US,OPS-AMER,6320,2024-03,8351.8,USD
MI-US,OPS-AMER,6320,2024-04,8614.6,USD
MI-US,OPS-AMER,6320,2024-05,8103.81,USD
MI-US,OPS-AMER,6320,2024-06,8142.35,USD
MI-US,OPS-AMER,6320,2024-07,7564.47,USD
MI-US,OPS-AMER,6320,2024-08,7326.5,USD
MI-US,OPS-AMER,6320,2024-09,6901.49,USD
MI-US,OPS-AMER,6320,2024-10,6925.51,USD
MI-US,OPS-AMER,6320,2024-11,6942.81,USD
MI-US,OPS-AMER,6320,2024-12,7182.69,USD
MI-US,OPS-AMER,6330,2024-01,10392.05,USD
MI-US,OPS-AMER,6330,2024-02,11078.25,USD
MI-US,OPS-AMER,6330,2024-03,11201.85,USD
MI-US,OPS-AMER,6330,2024-04,11496.53,USD
MI-US,OPS-AMER,6330,2024-05,11276.55,USD
MI-US,OPS-AMER,6330,2024-06,10920.37,USD
MI-US,OPS-AMER,6330,2024-07,10302.06,USD
MI-US,OPS-AMER,6330,2024-08,9782.76,USD
MI-US,OPS-AMER,6330,2024-09,9295.76,USD
MI-US,OPS-AMER,6330,2024-10,9345.56,USD
MI-US,OPS-AMER,6330,2024-11,9303.96,USD
MI-US,OPS-AMER,6330,2024-12,10028.61,USD
MI-US,OPS-AMER,6430,2024-01,5170.84,USD
MI-US,OPS-AMER,6430,2024-02,5305.08,USD
MI-US,OPS-AMER,6430,2024-03,5623.9,USD
MI-US,OPS-AMER,6430,2024-04,5686.52,USD
MI-US,OPS-AMER,6430,2024-05,5595.74,USD
MI-US,OPS-AMER,6430,2024-06,5389.01,USD
MI-US,OPS-AMER,6430,2024-07,5117.68,USD
MI-US,OPS-AMER,6430,2024-08,4797.66,USD
MI-US,OPS-AMER,6430,2024-09,4663.42,USD
MI-US,OPS-AMER,6430,2024-10,4513.88,USD
MI-US,OPS-AMER,6430,2024-11,4605.92,USD
MI-US,OPS-AMER,6430,2024-12,4804.61,USD
MI-US,OPS-AMER,6510,2024-01,3550.03,USD
MI-US,OPS-AMER,6510,2024-02,3666.42,USD
MI-US,OPS-AMER,6510,2024-03,3809.69,USD
MI-US,OPS-AMER,6510,2024-04,3848.49,USD
MI-US,OPS-AMER,6510,2024-05,3799.93,USD
MI-US,OPS-AMER,6510,2024-06,3634.6,USD
MI-US,OPS-AMER,6510,2024-07,3564.13,USD
MI-US,OPS-AMER,6510,2024-08,3304.01,USD
MI-US,OPS-AMER,6510,2024-09,3161.02,USD
MI-US,OPS-AMER,6510,2024-10,3208.39,USD
MI-US,OPS-AMER,6510,2024-11,3190.82,USD
MI-US,OPS-AMER,6510,2024-12,3326.31,USD
MI-US,OPS-AMER,6520,2024-01,4501.88,USD
MI-US,OPS-AMER,6520,2024-02,4661.57,USD
MI-US,OPS-AMER,6520,2024-03,4907.76,USD
MI-US,OPS-AMER,6520,2024-04,4862.35,USD
MI-US,OPS-AMER,6520,2024-05,4755.59,USD
MI-US,OPS-AMER,6520,2024-06,4552.96,USD
MI-US,OPS-AMER,6520,2024-07,4358.16,USD
MI-US,OPS-AMER,6520,2024-08,4218.75,USD
MI-US,OPS-AMER,6520,2024-09,4027.15,USD
MI-US,OPS-AMER,6520,2024-10,4055.98,USD
MI-US,OPS-AMER,6520,2024-11,4063.66,USD
MI-US,OPS-AMER,6520,2024-12,4213.58,USD
MI-US,OPS-AMER,6530,2024-01,2015.11,USD
MI-US,OPS-AMER,6530,2024-02,2125.81,USD
MI-US,OPS-AMER,6530,2024-03,2214.73,USD
MI-US,OPS-AMER,6530,2024-04,2222.18,USD
MI-US,OPS-AMER,6530,2024-05,2212.73,USD
MI-US,OPS-AMER,6530,2024-06,2126.98,USD
MI-US,OPS-AMER,6530,2024-07,2049.69,USD
MI-US,OPS-AMER,6530,2024-08,1935.16,USD
MI-US,OPS-AMER,6530,2024-09,1847.19,USD
MI-US,OPS-AMER,6530,2024-10,1850.15,USD
MI-US,OPS-AMER,6530,2024-11,1864.43,USD
MI-US,OPS-AMER,6530,2024-12,1910.93,USD
MI-US,OPS-AMER,6610,2024-01,41862.57,USD
MI-US,OPS-AMER,6610,2024-02,44216.0,USD
MI-US,OPS-AMER,6610,2024-03,45354.11,USD
MI-US,OPS-AMER,6610,2024-04,46107.76,USD
MI-US,OPS-AMER,6610,2024-05,44810.97,USD
MI-US,OPS-AMER,6610,2024-06,44129.46,USD
MI-US,OPS-AMER,6610,2024-07,42090.46,USD
MI-US,OPS-AMER,6610,2024-08,39524.37,USD
MI-US,OPS-AMER,6610,2024-09,38611.9,USD
MI-US,OPS-AMER,6610,2024-10,37380.9,USD
MI-US,OPS-AMER,6610,2024-11,37875.29,USD
MI-US,OPS-AMER,6610,2024-12,39039.64,USD
MI-US,OPS-AMER,6620,2024-01,53917.58,USD
MI-US,OPS-AMER,6620,2024-02,56677.73,USD
MI-US,OPS-AMER,6620,2024-03,58747.24,USD
MI-US,OPS-AMER,6620,2024-04,59033.07,USD
MI-US,OPS-AMER,6620,2024-05,57949.0,USD
MI-US,OPS-AMER,6620,2024-06,57374.39,USD
MI-US,OPS-AMER,6620,2024-07,53952.38,USD
MI-US,OPS-AMER,6620,2024-08,51797.4,USD
MI-US,OPS-AMER,6620,2024-09,49864.91,USD
MI-US,OPS-AMER,6620,2024-10,48796.55,USD
MI-US,OPS-AMER,6620,2024-11,48823.69,USD
MI-US,OPS-AMER,6620,2024-12,50574.04,USD
MI-US,OPS-AMER,6630,2024-01,5891.45,USD
MI-US,OPS-AMER,6630,2024-02,6267.02,USD
MI-US,OPS-AMER,6630,2024-03,6522.77,USD
MI-US,OPS-AMER,6630,2024-04,6585.54,USD
MI-US,OPS-AMER,6630,2024-05,6559.87,USD
MI-US,OPS-AMER,6630,2024-06,6346.14,USD
MI-US,OPS-AMER,6630,2024-07,5980.87,USD
MI-US,OPS-AMER,6630,2024-08,5699.74,USD
MI-US,OPS-AMER,6630,2024-09,5433.0,USD
MI-US,OPS-AMER,6630,2024-10,5356.39,USD
MI-US,OPS-AMER,6630,2024-11,5365.25,USD
MI-US,OPS-AMER,6630,2024-12,5690.21,USD
MI-US,OPS-AMER,6810,2024-01,4155.89,USD
MI-US,OPS-AMER,6810,2024-02,4362.97,USD
MI-US,OPS-AMER,6810,2024-03,4473.4,USD
MI-US,OPS-AMER,6810,2024-04,4546.49,USD
MI-US,OPS-AMER,6810,2024-05,4521.08,USD
MI-US,OPS-AMER,6810,2024-06,4427.85,USD
MI-US,OPS-AMER,6810,2024-07,4089.88,USD
MI-US,OPS-AMER,6810,2024-08,3959.76,USD
MI-US,OPS-AMER,6810,2024-09,3772.68,USD
MI-US,OPS-AMER,6810,2024-10,3690.63,USD
MI-US,OPS-AMER,6810,2024-11,3810.45,USD
MI-US,OPS-AMER,6810,2024-12,3962.16,USD
MI-US,OPS-AMER,6830,2024-01,1685.4,USD
MI-US,OPS-AMER,6830,2024-02,1775.87,USD
MI-US,OPS-AMER,6830,2024-03,1792.2,USD
MI-US,OPS-AMER,6830,2024-04,1841.05,USD
MI-US,OPS-AMER,6830,2024-05,1856.82,USD
MI-US,OPS-AMER,6830,2024-06,1786.63,USD
MI-US,OPS-AMER,6830,2024-07,1650.2,USD
MI-US,OPS-AMER,6830,2024-08,1614.63,USD
MI-US,OPS-AMER,6830,2024-09,1510.67,USD
MI-US,OPS-AMER,6830,2024-10,1535.4,USD
MI-US,OPS-AMER,6830,2024-11,1567.57,USD
MI-US,OPS-AMER,6830,2024-12,1624.0,USD
MI-US,SGA-US,6110,2024-01,137378.24,USD
MI-US,SGA-US,6110,2024-02,144162.31,USD
MI-US,SGA-US,6110,2024-03,150077.34,USD
MI-US,SGA-US,6110,2024-04,149718.42,USD
MI-US,SGA-US,6110,2024-05,150635.77,USD
MI-US,SGA-US,6110,2024-06,144988.88,USD
MI-US,SGA-US,6110,2024-07,138800.85,USD
MI-US,SGA-US,6110,2024-08,129985.01,USD
MI-US,SGA-US,6110,2024-09,125859.28,USD
MI-US,SGA-US,6110,2024-10,124332.6,USD
MI-US,SGA-US,6110,2024-11,124977.22,USD
MI-US,SGA-US,6110,2024-12,129497.34,USD
MI-US,SGA-US,6120,2024-01,29293.22,USD
MI-US,SGA-US,6120,2024-02,30897.05,USD
MI-US,SGA-US,6120,2024-03,30958.76,USD
MI-US,SGA-US,6120,2024-04,31939.49,USD
MI-US,SGA-US,6120,2024-05,31678.2,USD
MI-US,SGA-US,6120,2024-06,30604.65,USD
MI-US,SGA-US,6120,2024-07,28713.4,USD
MI-US,SGA-US,6120,2024-08,27470.43,USD
MI-US,SGA-US,6120,2024-09,25628.4,USD
MI-US,SGA-US,6120,2024-10,26412.7,USD
MI-US,SGA-US,6120,2024-11,26241.54,USD
MI-US,SGA-US,6120,2024-12,27982.12,USD
MI-US,SGA-US,6130,2024-01,9691.02,USD
MI-US,SGA-US,6130,2024-02,10345.63,USD
MI-US,SGA-US,6130,2024-03,10451.55,USD
MI-US,SGA-US,6130,2024-04,10484.67,USD
MI-US,SGA-US,6130,2024-05,10498.21,USD
MI-US,SGA-US,6130,2024-06,10160.2,USD
MI-US,SGA-US,6130,2024-07,9521.88,USD
MI-US,SGA-US,6130,2024-08,9375.82,USD
MI-US,SGA-US,6130,2024-09,8767.72,USD
MI-US,SGA-US,6130,2024-10,8607.6,USD
MI-US,SGA-US,6130,2024-11,8834.58,USD
MI-US,SGA-US,6130,2024-12,9350.82,USD
MI-US,SGA-US,6210,2024-01,6271.79,USD
MI-US,SGA-US,6210,2024-02,6702.83,USD
MI-US,SGA-US,6210,2024-03,6745.21,USD
MI-US,SGA-US,6210,2024-04,6979.63,USD
MI-US,SGA-US,6210,2024-05,6823.07,USD
MI-US,SGA-US,6210,2024-06,6649.3,USD
MI-US,SGA-US,6210,2024-07,6154.04,USD
MI-US,SGA-US,6210,2024-08,6126.79,USD
MI-US,SGA-US,6210,2024-09,5767.54,USD
MI-US,SGA-US,6210,2024-10,5768.29,USD
MI-US,SGA-US,6210,2024-11,5819.39,USD
MI-US,SGA-US,6210,2024-12,5964.12,USD
MI-US,SGA-US,6220,2024-01,1771.83,USD
MI-US,SGA-US,6220,2024-02,1846.52,USD
MI-US,SGA-US,6220,2024-03,1854.29,USD
MI-US,SGA-US,6220,2024-04,1942.59,USD
MI-US,SGA-US,6220,2024-05,1904.96,USD
MI-US,SGA-US,6220,2024-06,1869.51,USD
MI-US,SGA-US,6220,2024-07,1773.34,USD
MI-US,SGA-US,6220,2024-08,1628.41,USD
MI-US,SGA-US,6220,2024-09,1609.18,USD
MI-US,SGA-US,6220,2024-10,1570.5,USD
MI-US,SGA-US,6220,2024-11,1634.75,USD
MI-US,SGA-US,6220,2024-12,1665.04,USD
MI-US,SGA-US,6230,2024-01,7946.94,USD
MI-US,SGA-US,6230,2024-02,8336.61,USD
MI-US,SGA-US,6230,2024-03,8681.0,USD
MI-US,SGA-US,6230,2024-04,8853.21,USD
MI-US,SGA-US,6230,2024-05,8554.04,USD
MI-US,SGA-US,6230,2024-06,8434.12,USD
MI-US,SGA-US,6230,2024-07,7851.85,USD
MI-US,SGA-US,6230,2024-08,7490.15,USD
MI-US,SGA-US,6230,2024-09,7405.41,USD
MI-US,SGA-US,6230,2024-10,7219.94,USD
MI-US,SGA-US,6230,2024-11,7274.2,USD
MI-US,SGA-US,6230,2024-12,7589.54,USD
MI-US,SGA-US,6240,2024-01,914.64,USD
MI-US,SGA-US,6240,2024-02,973.52,USD
MI-US,SGA-US,6240,2024-03,1003.06,USD
MI-US,SGA-US,6240,2024-04,1034.52,USD
MI-US,SGA-US,6240,2024-05,999.35,USD
MI-US,SGA-US,6240,2024-06,981.5,USD
MI-US,SGA-US,6240,2024-07,916.71,USD
MI-US,SGA-US,6240,2024-08,873.1,USD
MI-US,SGA-US,6240,2024-09,831.9,USD
MI-US,SGA-US,6240,2024-10,832.84,USD
MI-US,SGA-US,6240,2024-11,848.29,USD
MI-US,SGA-US,6240,2024-12,891.55,USD
MI-US,SGA-US,6310,2024-01,29704.27,USD
MI-US,SGA-US,6310,2024-02,31289.4,USD
MI-US,SGA-US,6310,2024-03,32032.48,USD
MI-US,SGA-US,6310,2024-04,33020.41,USD
MI-US,SGA-US,6310,2024-05,31947.61,USD
MI-US,SGA-US,6310,2024-06,31334.27,USD
MI-US,SGA-US,6310,2024-07,29678.19,USD
MI-US,SGA-US,6310,2024-08,28345.07,USD
MI-US,SGA-US,6310,2024-09,27137.94,USD
MI-US,SGA-US,6310,2024-10,26759.46,USD
MI-US,SGA-US,6310,2024-11,26775.25,USD
MI-US,SGA-US,6310,2024-12,28317.3,USD
MI-US,SGA-US,6320,2024-01,5317.98,USD
MI-US,SGA-US,6320,2024-02,5511.47,USD
MI-US,SGA-US,6320,2024-03,5763.59,USD
MI-US,SGA-US,6320,2024-04,5748.33,USD
MI-US,SGA-US,6320,2024-05,5814.43,USD
MI-US,SGA-US,6320,2024-06,5444.19,USD
MI-US,SGA-US,6320,2024-07,5394.81,USD
MI-US,SGA-US,6320,2024-08,5137.13,USD
MI-US,SGA-US,6320,2024-09,4807.14,USD
MI-US,SGA-US,6320,2024-10,4768.96,USD
MI-US,SGA-US,6320,2024-11,4900.85,USD
MI-US,SGA-US,6320,2024-12,5131.1,USD
MI-US,SGA-US,6330,2024-01,2592.14,USD
MI-US,SGA-US,6330,2024-02,2754.95,USD
MI-US,SGA-US,6330,2024-03,2881.33,USD
MI-US,SGA-US,6330,2024-04,2897.96,USD
MI-US,SGA-US,6330,2024-05,2902.94,USD
MI-US,SGA-US,6330,2024-06,2757.62,USD
MI-US,SGA-US,6330,2024-07,2651.01,USD
MI-US,SGA-US,6330,2024-08,2510.09,USD
MI-US,SGA-US,6330,2024-09,2472.64,USD
MI-US,SGA-US,6330,2024-10,2411.07,USD
MI-US,SGA-US,6330,2024-11,2416.06,USD
MI-US,SGA-US,6330,2024-12,2512.27,USD
MI-US,SGA-US,6410,2024-01,12400.72,USD
MI-US,SGA-US,6410,2024-02,12999.52,USD
MI-US,SGA-US,6410,2024-03,13555.01,USD
MI-US,SGA-US,6410,2024-04,13610.33,USD
MI-US,SGA-US,6410,2024-05,13221.21,USD
MI-US,SGA-US,6410,2024-06,13164.11,USD
MI-US,SGA-US,6410,2024-07,12480.46,USD
MI-US,SGA-US,6410,2024-08,11462.24,USD
MI-US,SGA-US,6410,2024-09,11468.78,USD
MI-US,SGA-US,6410,2024-10,11190.97,USD
MI-US,SGA-US,6410,2024-11,11325.75,USD
MI-US,SGA-US,6410,2024-12,11619.29,USD
MI-US,SGA-US,6420,2024-01,14513.9,USD
MI-US,SGA-US,6420,2024-02,15419.7,USD
MI-US,SGA-US,6420,2024-03,15751.25,USD
MI-US,SGA-US,6420,2024-04,15419.86,USD
MI-US,SGA-US,6420,2024-05,15575.73,USD
MI-US,SGA-US,6420,2024-06,14960.72,USD
MI-US,SGA-US,6420,2024-07,14690.94,USD
MI-US,SGA-US,6420,2024-08,14025.41,USD
MI-US,SGA-US,6420,2024-09,13254.09,USD
MI-US,SGA-US,6420,2024-10,12898.87,USD
MI-US,SGA-US,6420,2024-11,13320.37,USD
MI-US,SGA-US,6420,2024-12,13574.12,USD
MI-US,SGA-US,6430,2024-01,17318.99,USD
MI-US,SGA-US,6430,2024-02,18387.42,USD
MI-US,SGA-US,6430,2024-03,18125.63,USD
MI-US,SGA-US,6430,2024-04,18976.62,USD
MI-US,SGA-US,6430,2024-05,18291.1,USD
MI-US,SGA-US,6430,2024-06,17969.19,USD
MI-US,SGA-US,6430,2024-07,16806.01,USD
MI-US,SGA-US,6430,2024-08,16448.32,USD
MI-US,SGA-US,6430,2024-09,15121.41,USD
MI-US,SGA-US,6430,2024-10,15077.83,USD
MI-US,SGA-US,6430,2024-11,15705.04,USD
MI-US,SGA-US,6430,2024-12,16545.09,USD
MI-US,SGA-US,6510,2024-01,14089.64,USD
MI-US,SGA-US,6510,2024-02,14910.49,USD
MI-US,SGA-US,6510,2024-03,15480.15,USD
MI-US,SGA-US,6510,2024-04,15413.42,USD
MI-US,SGA-US,6510,2024-05,15253.37,USD
MI-US,SGA-US,6510,2024-06,15164.06,USD
MI-US,SGA-US,6510,2024-07,13969.74,USD
MI-US,SGA-US,6510,2024-08,13556.74,USD
MI-US,SGA-US,6510,2024-09,13192.12,USD
MI-US,SGA-US,6510,2024-10,12880.56,USD
MI-US,SGA-US,6510,2024-11,12817.06,USD
MI-US,SGA-US,6510,2024-12,13465.81,USD
MI-US,SGA-US,6520,2024-01,5098.72,USD
MI-US,SGA-US,6520,2024-02,5467.87,USD
MI-US,SGA-US,6520,2024-03,5629.1,USD
MI-US,SGA-US,6520,2024-04,5648.63,USD
MI-US,SGA-US,6520,2024-05,5639.62,USD
MI-US,SGA-US,6520,2024-06,5466.33,USD
MI-US,SGA-US,6520,2024-07,5253.56,USD
MI-US,SGA-US,6520,2024-08,4905.6,USD
MI-US,SGA-US,6520,2024-09,4777.63,USD
MI-US,SGA-US,6520,2024-10,4706.27,USD
MI-US,SGA-US,6520,2024-11,4744.16,USD
MI-US,SGA-US,6520,2024-12,4926.55,USD
MI-US,SGA-US,6530,2024-01,8375.33,USD
MI-US,SGA-US,6530,2024-02,8766.17,USD
MI-US,SGA-US,6530,2024-03,9097.85,USD
MI-US,SGA-US,6530,2024-04,9176.34,USD
MI-US,SGA-US,6530,2024-05,9092.8,USD
MI-US,SGA-US,6530,2024-06,8766.74,USD
MI-US,SGA-US,6530,2024-07,8322.5,USD
MI-US,SGA-US,6530,2024-08,7893.03,USD
MI-US,SGA-US,6530,2024-09,7736.06,USD
MI-US,SGA-US,6530,2024-10,7681.89,USD
MI-US,SGA-US,6530,2024-11,7586.59,USD
MI-US,SGA-US,6530,2024-12,8063.15,USD
MI-US,SGA-US,6810,2024-01,15579.56,USD
MI-US,SGA-US,6810,2024-02,16212.53,USD
MI-US,SGA-US,6810,2024-03,16778.05,USD
MI-US,SGA-US,6810,2024-04,17013.52,USD
MI-US,SGA-US,6810,2024-05,16759.13,USD
MI-US,SGA-US,6810,2024-06,16430.48,USD
MI-US,SGA-US,6810,2024-07,15523.6,USD
MI-US,SGA-US,6810,2024-08,14679.04,USD
MI-US,SGA-US,6810,2024-09,13991.75,USD
MI-US,SGA-US,6810,2024-10,14104.69,USD
MI-US,SGA-US,6810,2024-11,14052.34,USD
MI-US,SGA-US,6810,2024-12,14777.95,USD
MI-US,SGA-US,6820,2024-01,2638.88,USD
MI-US,SGA-US,6820,2024-02,2784.53,USD
MI-US,SGA-US,6820,2024-03,2852.44,USD
MI-US,SGA-US,6820,2024-04,2868.43,USD
MI-US,SGA-US,6820,2024-05,2862.48,USD
MI-US,SGA-US,6820,2024-06,2786.67,USD
MI-US,SGA-US,6820,2024-07,2688.63,USD
MI-US,SGA-US,6820,2024-08,2511.92,USD
MI-US,SGA-US,6820,2024-09,2389.01,USD
MI-US,SGA-US,6820,2024-10,2429.64,USD
MI-US,SGA-US,6820,2024-11,2374.08,USD
MI-US,SGA-US,6820,2024-12,2486.71,USD
MI-US,SGA-US,6830,2024-01,4256.76,USD
MI-US,SGA-US,6830,2024-02,4622.04,USD
MI-US,SGA-US,6830,2024-03,4694.85,USD
MI-US,SGA-US,6830,2024-04,4805.94,USD
MI-US,SGA-US,6830,2024-05,4785.88,USD
MI-US,SGA-US,6830,2024-06,4607.29,USD
MI-US,SGA-US,6830,2024-07,4337.06,USD
MI-US,SGA-US,6830,2024-08,4121.89,USD
MI-US,SGA-US,6830,2024-09,3960.82,USD
MI-US,SGA-US,6830,2024-10,3923.86,USD
MI-US,SGA-US,6830,2024-11,3985.94,USD
MI-US,SGA-US,6830,2024-12,4142.24,USD
